song_id,song,artist,reentry_count,first_chart_date,last_chart_date,chart_days,exit_dates,reentry_dates,gap_days
1-800-hot-n-fun - LE SSERAFIM,1-800-hot-n-fun,LE SSERAFIM,0,2025-09-01,2025-09-08,8,[],[],[]
24YB (Intro) - YANGHONGWON,24YB (Intro),YANGHONGWON,0,2025-05-26,2025-05-28,3,[],[],[]
3D (Alternate Ver.) - Jung Kook & Jack Harlow,3D (Alternate Ver.),Jung Kook & Jack Harlow,0,2024-10-02,2024-10-21,20,[],[],[]
3D (Justin Timberlake Remix) - Jung Kook & Justin Timberlake,3D (Justin Timberlake Remix),Jung Kook & Justin Timberlake,1,2024-11-25,2024-12-05,6,[Timestamp('2024-11-27 00:00:00')],[Timestamp('2024-12-03 00:00:00')],[5]
3D (feat. Jack Harlow) (Alternate Ver.) - Jung Kook & Jack Harlow,3D (feat. Jack Harlow) (Alternate Ver.),Jung Kook & Jack Harlow,0,2024-09-30,2024-10-01,2,[],[],[]
3D (feat. Jack Harlow) (Instrumental) - Jung Kook & Jack Harlow,3D (feat. Jack Harlow) (Instrumental),Jung Kook & Jack Harlow,1,2024-09-30,2024-10-13,11,[Timestamp('2024-10-05 00:00:00')],[Timestamp('2024-10-09 00:00:00')],[3]
3D (feat. Jack Harlow) (MK Remix) - Jung Kook & Jack Harlow & MK,3D (feat. Jack Harlow) (MK Remix),Jung Kook & Jack Harlow & MK,0,2024-10-31,2024-11-03,4,[],[],[]
3D (feat. Jack Harlow) - Jung Kook,3D (feat. Jack Harlow),Jung Kook,4,2025-01-20,2025-11-27,308,"[Timestamp('2025-03-13 00:00:00'), Timestamp('2025-03-24 00:00:00'), Timestamp('2025-07-10 00:00:00'), Timestamp('2025-08-12 00:00:00')]","[Timestamp('2025-03-15 00:00:00'), Timestamp('2025-03-26 00:00:00'), Timestamp('2025-07-12 00:00:00'), Timestamp('2025-08-14 00:00:00')]","[1, 1, 1, 1]"
3D (feat. Jack Harlow) - Jung Kook & Jack Harlow,3D (feat. Jack Harlow),Jung Kook & Jack Harlow,0,2024-09-30,2025-01-19,112,[],[],[]
990 (Feat. Kim Ximya) - Beenzino,990 (Feat. Kim Ximya),Beenzino,0,2024-07-05,2024-07-09,5,[],[],[]
A Psalm of Life - Lim Young Woong,A Psalm of Life,Lim Young Woong,6,2024-06-06,2025-02-27,121,"[Timestamp('2024-06-06 00:00:00'), Timestamp('2024-10-16 00:00:00'), Timestamp('2024-10-19 00:00:00'), Timestamp('2025-02-09 00:00:00'), Timestamp('2025-02-12 00:00:00'), Timestamp('2025-02-20 00:00:00')]","[Timestamp('2024-10-16 00:00:00'), Timestamp('2024-10-19 00:00:00'), Timestamp('2024-10-21 00:00:00'), Timestamp('2025-02-11 00:00:00'), Timestamp('2025-02-19 00:00:00'), Timestamp('2025-02-26 00:00:00')]","[131, 2, 1, 1, 6, 5]"
A bientot - Lim Young Woong,A bientot,Lim Young Woong,24,2024-05-18,2025-07-20,281,"[Timestamp('2024-06-07 00:00:00'), Timestamp('2024-06-20 00:00:00'), Timestamp('2024-07-04 00:00:00'), Timestamp('2024-07-11 00:00:00'), Timestamp('2024-07-13 00:00:00'), Timestamp('2024-07-18 00:00:00'), Timestamp('2024-07-25 00:00:00'), Timestamp('2024-08-04 00:00:00'), Timestamp('2024-08-12 00:00:00'), Timestamp('2024-08-28 00:00:00'), Timestamp('2024-09-04 00:00:00'), Timestamp('2024-09-14 00:00:00'), Timestamp('2024-09-21 00:00:00'), Timestamp('2024-09-27 00:00:00'), Timestamp('2024-10-05 00:00:00'), Timestamp('2024-10-09 00:00:00'), Timestamp('2025-03-13 00:00:00'), Timestamp('2025-03-24 00:00:00'), Timestamp('2025-04-03 00:00:00'), Timestamp('2025-04-17 00:00:00'), Timestamp('2025-04-22 00:00:00'), Timestamp('2025-04-26 00:00:00'), Timestamp('2025-05-07 00:00:00'), Timestamp('2025-06-25 00:00:00')]","[Timestamp('2024-06-09 00:00:00'), Timestamp('2024-06-22 00:00:00'), Timestamp('2024-07-11 00:00:00'), Timestamp('2024-07-13 00:00:00'), Timestamp('2024-07-17 00:00:00'), Timestamp('2024-07-23 00:00:00'), Timestamp('2024-08-04 00:00:00'), Timestamp('2024-08-06 00:00:00'), Timestamp('2024-08-28 00:00:00'), Timestamp('2024-09-03 00:00:00'), Timestamp('2024-09-10 00:00:00'), Timestamp('2024-09-19 00:00:00'), Timestamp('2024-09-23 00:00:00'), Timestamp('2024-09-30 00:00:00'), Timestamp('2024-10-09 00:00:00'), Timestamp('2024-10-13 00:00:00'), Timestamp('2025-03-15 00:00:00'), Timestamp('2025-03-26 00:00:00'), Timestamp('2025-04-05 00:00:00'), Timestamp('2025-04-19 00:00:00'), Timestamp('2025-04-24 00:00:00'), Timestamp('2025-05-07 00:00:00'), Timestamp('2025-06-24 00:00:00'), Timestamp('2025-07-18 00:00:00')]","[1, 1, 6, 1, 3, 4, 9, 1, 15, 5, 5, 4, 1, 2, 3, 3, 1, 1, 1, 1, 1, 10, 47, 22]"
ABCD - NAYEON,ABCD,NAYEON,1,2025-06-17,2025-07-13,26,[Timestamp('2025-07-10 00:00:00')],[Timestamp('2025-07-12 00:00:00')],[1]
AK47 - Men's Tear & 뷰티풀너드,AK47,Men's Tear & 뷰티풀너드,2,2025-03-01,2025-03-27,25,"[Timestamp('2025-03-13 00:00:00'), Timestamp('2025-03-24 00:00:00')]","[Timestamp('2025-03-15 00:00:00'), Timestamp('2025-03-26 00:00:00')]","[1, 1]"
ALL RED - Playboi Carti,ALL RED,Playboi Carti,0,2025-09-15,2025-09-17,3,[],[],[]
ANTIFRAGILE - LE SSERAFIM,ANTIFRAGILE,LE SSERAFIM,1,2024-05-18,2024-07-18,50,[Timestamp('2024-07-04 00:00:00')],[Timestamp('2024-07-17 00:00:00')],[12]
APT. - ROSÉ & Bruno Mars,APT.,ROSÉ & Bruno Mars,0,2025-10-20,2025-11-27,39,[],[],[]
ASAP - NewJeans,ASAP,NewJeans,0,2024-07-23,2024-09-04,44,[],[],[]
Accendio - IVE,Accendio,IVE,0,2025-05-24,2025-05-25,2,[],[],[]
After LIKE - IVE,After LIKE,IVE,0,2024-05-18,2024-07-04,48,[],[],[]
All I Want for Christmas Is You - Mariah Carey,All I Want for Christmas Is You,Mariah Carey,1,2024-12-11,2024-12-27,12,[Timestamp('2024-12-11 00:00:00')],[Timestamp('2024-12-17 00:00:00')],[5]
All Or Nothing - J Money & KingLee,All Or Nothing,J Money & KingLee,1,2024-12-22,2025-01-17,2,[Timestamp('2024-12-22 00:00:00')],[Timestamp('2025-01-17 00:00:00')],[25]
Allergy - (G)I-DLE,Allergy,(G)I-DLE,0,2024-05-18,2024-06-11,25,[],[],[]
Alone - Jimin,Alone,Jimin,6,2024-05-18,2025-07-20,407,"[Timestamp('2025-03-13 00:00:00'), Timestamp('2025-03-24 00:00:00'), Timestamp('2025-05-29 00:00:00'), Timestamp('2025-05-31 00:00:00'), Timestamp('2025-06-29 00:00:00'), Timestamp('2025-07-01 00:00:00')]","[Timestamp('2025-03-15 00:00:00'), Timestamp('2025-03-26 00:00:00'), Timestamp('2025-05-31 00:00:00'), Timestamp('2025-06-02 00:00:00'), Timestamp('2025-07-01 00:00:00'), Timestamp('2025-07-19 00:00:00')]","[1, 1, 1, 1, 1, 17]"
"Angel Pt. 1 (feat. Jimin of BTS, JVKE & Muni Long) - Fast & Furious: The Fast Saga & Jimin & BTS","Angel Pt. 1 (feat. Jimin of BTS, JVKE & Muni Long)",Fast & Furious: The Fast Saga & Jimin & BTS,0,2024-05-21,2024-12-23,217,[],[],[]
"Angel Pt. 1 (feat. Jimin of BTS, JVKE & Muni Long) - Trailer Version - Fast & Furious: The Fast Saga & Jimin & BTS","Angel Pt. 1 (feat. Jimin of BTS, JVKE & Muni Long) - Trailer Version",Fast & Furious: The Fast Saga & Jimin & BTS,4,2024-05-18,2025-01-03,87,"[Timestamp('2024-06-04 00:00:00'), Timestamp('2024-09-16 00:00:00'), Timestamp('2024-10-28 00:00:00'), Timestamp('2024-12-26 00:00:00')]","[Timestamp('2024-09-14 00:00:00'), Timestamp('2024-10-27 00:00:00'), Timestamp('2024-10-31 00:00:00'), Timestamp('2024-12-28 00:00:00')]","[101, 40, 2, 1]"
"Angel Pt. 2 (feat. Jimin of BTS, Charlie Puth and Muni Long) - Fast & Furious: The Fast Saga & Jimin & BTS","Angel Pt. 2 (feat. Jimin of BTS, Charlie Puth and Muni Long)",Fast & Furious: The Fast Saga & Jimin & BTS,3,2024-06-17,2024-11-04,65,"[Timestamp('2024-07-28 00:00:00'), Timestamp('2024-08-19 00:00:00'), Timestamp('2024-08-24 00:00:00')]","[Timestamp('2024-07-31 00:00:00'), Timestamp('2024-08-24 00:00:00'), Timestamp('2024-11-03 00:00:00')]","[2, 4, 70]"
Another Level - Jin,Another Level,Jin,0,2025-11-17,2025-11-27,11,[],[],[]
Armageddon - aespa,Armageddon,aespa,5,2025-05-29,2025-11-27,178,"[Timestamp('2025-07-10 00:00:00'), Timestamp('2025-08-12 00:00:00'), Timestamp('2025-09-20 00:00:00'), Timestamp('2025-10-05 00:00:00'), Timestamp('2025-11-19 00:00:00')]","[Timestamp('2025-07-12 00:00:00'), Timestamp('2025-08-14 00:00:00'), Timestamp('2025-09-22 00:00:00'), Timestamp('2025-10-07 00:00:00'), Timestamp('2025-11-21 00:00:00')]","[1, 1, 1, 1, 1]"
Armageddon - aespa & Grimes & Flava D,Armageddon,aespa & Grimes & Flava D,1,2025-09-21,2025-10-06,2,[Timestamp('2025-09-21 00:00:00')],[Timestamp('2025-10-06 00:00:00')],[14]
As You Wish - WJSN,As You Wish,WJSN,0,2025-01-01,2025-01-02,2,[],[],[]
Attention - NewJeans,Attention,NewJeans,10,2024-05-18,2025-06-29,151,"[Timestamp('2024-07-04 00:00:00'), Timestamp('2024-08-30 00:00:00'), Timestamp('2024-09-04 00:00:00'), Timestamp('2024-09-26 00:00:00'), Timestamp('2024-09-29 00:00:00'), Timestamp('2025-05-11 00:00:00'), Timestamp('2025-05-14 00:00:00'), Timestamp('2025-05-19 00:00:00'), Timestamp('2025-06-08 00:00:00'), Timestamp('2025-06-17 00:00:00')]","[Timestamp('2024-07-07 00:00:00'), Timestamp('2024-09-01 00:00:00'), Timestamp('2024-09-15 00:00:00'), Timestamp('2024-09-28 00:00:00'), Timestamp('2025-04-28 00:00:00'), Timestamp('2025-05-14 00:00:00'), Timestamp('2025-05-19 00:00:00'), Timestamp('2025-06-01 00:00:00'), Timestamp('2025-06-14 00:00:00'), Timestamp('2025-06-28 00:00:00')]","[2, 1, 10, 1, 210, 2, 4, 12, 5, 10]"
BACK TO ME - Kanye West & Ty Dolla $ign,BACK TO ME,Kanye West & Ty Dolla $ign,0,2025-02-13,2025-02-14,2,[],[],[]
BIRDS OF A FEATHER - Billie Eilish,BIRDS OF A FEATHER,Billie Eilish,3,2025-05-21,2025-11-24,185,"[Timestamp('2025-05-26 00:00:00'), Timestamp('2025-07-10 00:00:00'), Timestamp('2025-08-12 00:00:00')]","[Timestamp('2025-05-28 00:00:00'), Timestamp('2025-07-12 00:00:00'), Timestamp('2025-08-14 00:00:00')]","[1, 1, 1]"
"BY COLOR, WHITE COLOR (Feat. KOVV) - YANGHONGWON","BY COLOR, WHITE COLOR (Feat. KOVV)",YANGHONGWON,0,2025-05-26,2025-05-28,3,[],[],[]
Baddie - IVE,Baddie,IVE,3,2024-10-14,2025-01-22,62,"[Timestamp('2024-12-01 00:00:00'), Timestamp('2024-12-18 00:00:00'), Timestamp('2025-01-06 00:00:00')]","[Timestamp('2024-12-09 00:00:00'), Timestamp('2025-01-05 00:00:00'), Timestamp('2025-01-22 00:00:00')]","[7, 17, 15]"
Baggy Jeans - NCT,Baggy Jeans,NCT,1,2024-08-30,2024-09-28,24,[Timestamp('2024-09-21 00:00:00')],[Timestamp('2024-09-28 00:00:00')],[6]
Bam Yang Gang - BIBI,Bam Yang Gang,BIBI,3,2025-02-15,2025-05-07,76,"[Timestamp('2025-03-13 00:00:00'), Timestamp('2025-03-24 00:00:00'), Timestamp('2025-04-30 00:00:00')]","[Timestamp('2025-03-15 00:00:00'), Timestamp('2025-03-26 00:00:00'), Timestamp('2025-05-05 00:00:00')]","[1, 1, 4]"
Be Mine - Jimin,Be Mine,Jimin,1,2025-07-21,2025-11-27,129,[Timestamp('2025-08-12 00:00:00')],[Timestamp('2025-08-14 00:00:00')],[1]
Beautiful Things - Benson Boone,Beautiful Things,Benson Boone,4,2025-02-01,2025-04-30,85,"[Timestamp('2025-02-01 00:00:00'), Timestamp('2025-02-03 00:00:00'), Timestamp('2025-03-13 00:00:00'), Timestamp('2025-03-24 00:00:00')]","[Timestamp('2025-02-03 00:00:00'), Timestamp('2025-02-05 00:00:00'), Timestamp('2025-03-15 00:00:00'), Timestamp('2025-03-26 00:00:00')]","[1, 1, 1, 1]"
Better Things - aespa,Better Things,aespa,2,2024-08-19,2024-10-06,32,"[Timestamp('2024-09-06 00:00:00'), Timestamp('2024-09-16 00:00:00')]","[Timestamp('2024-09-09 00:00:00'), Timestamp('2024-10-02 00:00:00')]","[2, 15]"
Big Dawgs - Hanumankind & Kalmi,Big Dawgs,Hanumankind & Kalmi,1,2025-08-25,2025-08-31,6,[Timestamp('2025-08-27 00:00:00')],[Timestamp('2025-08-29 00:00:00')],[1]
Bite Me - ENHYPEN,Bite Me,ENHYPEN,1,2024-05-24,2024-06-18,23,[Timestamp('2024-06-10 00:00:00')],[Timestamp('2024-06-14 00:00:00')],[3]
Bling-Bang-Bang-Born - Creepy Nuts,Bling-Bang-Bang-Born,Creepy Nuts,4,2025-01-24,2025-03-30,43,"[Timestamp('2025-02-12 00:00:00'), Timestamp('2025-02-20 00:00:00'), Timestamp('2025-03-13 00:00:00'), Timestamp('2025-03-24 00:00:00')]","[Timestamp('2025-02-14 00:00:00'), Timestamp('2025-03-13 00:00:00'), Timestamp('2025-03-15 00:00:00'), Timestamp('2025-03-26 00:00:00')]","[1, 20, 1, 1]"
Blue - V,Blue,V,4,2024-09-10,2025-01-11,67,"[Timestamp('2024-11-07 00:00:00'), Timestamp('2024-12-31 00:00:00'), Timestamp('2025-01-05 00:00:00'), Timestamp('2025-01-09 00:00:00')]","[Timestamp('2024-12-31 00:00:00'), Timestamp('2025-01-03 00:00:00'), Timestamp('2025-01-07 00:00:00'), Timestamp('2025-01-11 00:00:00')]","[53, 2, 1, 1]"
Boat - george,Boat,george,0,2024-06-25,2024-06-27,3,[],[],[]
Boom Boom Bass - RIIZE,Boom Boom Bass,RIIZE,4,2025-06-18,2025-09-24,95,"[Timestamp('2025-07-10 00:00:00'), Timestamp('2025-08-12 00:00:00'), Timestamp('2025-09-18 00:00:00'), Timestamp('2025-09-21 00:00:00')]","[Timestamp('2025-07-12 00:00:00'), Timestamp('2025-08-14 00:00:00'), Timestamp('2025-09-20 00:00:00'), Timestamp('2025-09-23 00:00:00')]","[1, 1, 1, 1]"
"Boys Like Girls (Feat. Gist, Jayci yucca) - Leellamarz","Boys Like Girls (Feat. Gist, Jayci yucca)",Leellamarz,0,2024-10-27,2024-10-31,5,[],[],[]
Broken Melodies - NCT DREAM,Broken Melodies,NCT DREAM,1,2024-06-21,2024-07-21,12,[Timestamp('2024-06-30 00:00:00')],[Timestamp('2024-07-20 00:00:00')],[19]
Bubble Gum - NewJeans,Bubble Gum,NewJeans,7,2025-05-26,2025-10-14,128,"[Timestamp('2025-07-10 00:00:00'), Timestamp('2025-08-12 00:00:00'), Timestamp('2025-09-21 00:00:00'), Timestamp('2025-09-26 00:00:00'), Timestamp('2025-09-30 00:00:00'), Timestamp('2025-10-03 00:00:00'), Timestamp('2025-10-06 00:00:00')]","[Timestamp('2025-07-12 00:00:00'), Timestamp('2025-08-14 00:00:00'), Timestamp('2025-09-23 00:00:00'), Timestamp('2025-09-28 00:00:00'), Timestamp('2025-10-02 00:00:00'), Timestamp('2025-10-06 00:00:00'), Timestamp('2025-10-14 00:00:00')]","[1, 1, 1, 1, 1, 2, 7]"
But Daddy I Love Him - Taylor Swift,But Daddy I Love Him,Taylor Swift,0,2025-04-21,2025-04-22,2,[],[],[]
But Sometimes - BOYNEXTDOOR,But Sometimes,BOYNEXTDOOR,1,2024-09-06,2024-09-27,19,[Timestamp('2024-09-23 00:00:00')],[Timestamp('2024-09-27 00:00:00')],[3]
CARNIVAL - Kanye West & Ty Dolla $ign,CARNIVAL,Kanye West & Ty Dolla $ign,0,2025-02-13,2025-02-15,3,[],[],[]
CARNIVAL - ¥$ & Kanye West & Ty Dolla $ign,CARNIVAL,¥$ & Kanye West & Ty Dolla $ign,3,2025-02-16,2025-03-20,14,"[Timestamp('2025-02-21 00:00:00'), Timestamp('2025-03-06 00:00:00'), Timestamp('2025-03-08 00:00:00')]","[Timestamp('2025-03-06 00:00:00'), Timestamp('2025-03-08 00:00:00'), Timestamp('2025-03-15 00:00:00')]","[12, 1, 6]"
CHIHIRO - Billie Eilish,CHIHIRO,Billie Eilish,1,2025-05-19,2025-05-25,4,[Timestamp('2025-05-19 00:00:00')],[Timestamp('2025-05-23 00:00:00')],[3]
CRAZY - LE SSERAFIM,CRAZY,LE SSERAFIM,1,2025-09-01,2025-11-23,83,[Timestamp('2025-11-20 00:00:00')],[Timestamp('2025-11-22 00:00:00')],[1]
CROOKED - G-DRAGON,CROOKED,G-DRAGON,2,2025-11-02,2025-11-27,7,"[Timestamp('2025-11-05 00:00:00'), Timestamp('2025-11-10 00:00:00')]","[Timestamp('2025-11-09 00:00:00'), Timestamp('2025-11-27 00:00:00')]","[3, 16]"
Camp - Beenzino,Camp,Beenzino,0,2024-07-05,2024-07-06,2,[],[],[]
Candy (Feat. Zion.T) - Jay Park,Candy (Feat. Zion.T),Jay Park,3,2024-05-26,2024-06-09,7,"[Timestamp('2024-05-28 00:00:00'), Timestamp('2024-06-01 00:00:00'), Timestamp('2024-06-05 00:00:00')]","[Timestamp('2024-05-31 00:00:00'), Timestamp('2024-06-05 00:00:00'), Timestamp('2024-06-09 00:00:00')]","[2, 3, 3]"
Chasing That Feeling - TOMORROW X TOGETHER,Chasing That Feeling,TOMORROW X TOGETHER,0,2024-10-14,2024-10-18,5,[],[],[]
Cheers to youth - SEVENTEEN,Cheers to youth,SEVENTEEN,0,2025-05-01,2025-05-03,3,[],[],[]
Cherish (My Love) - ILLIT,Cherish (My Love),ILLIT,0,2025-10-23,2025-11-27,36,[],[],[]
Chill Kill - Red Velvet,Chill Kill,Red Velvet,0,2024-11-15,2024-12-01,17,[],[],[]
Chk Chk Boom - Stray Kids,Chk Chk Boom,Stray Kids,1,2025-07-21,2025-08-09,17,[Timestamp('2025-08-03 00:00:00')],[Timestamp('2025-08-07 00:00:00')],[3]
Christmas Love - Jimin,Christmas Love,Jimin,14,2024-06-18,2024-12-28,29,"[Timestamp('2024-06-18 00:00:00'), Timestamp('2024-06-22 00:00:00'), Timestamp('2024-11-06 00:00:00'), Timestamp('2024-11-08 00:00:00'), Timestamp('2024-11-11 00:00:00'), Timestamp('2024-11-18 00:00:00'), Timestamp('2024-11-22 00:00:00'), Timestamp('2024-11-24 00:00:00'), Timestamp('2024-11-28 00:00:00'), Timestamp('2024-12-03 00:00:00'), Timestamp('2024-12-05 00:00:00'), Timestamp('2024-12-10 00:00:00'), Timestamp('2024-12-12 00:00:00'), Timestamp('2024-12-18 00:00:00')]","[Timestamp('2024-06-21 00:00:00'), Timestamp('2024-11-05 00:00:00'), Timestamp('2024-11-08 00:00:00'), Timestamp('2024-11-10 00:00:00'), Timestamp('2024-11-18 00:00:00'), Timestamp('2024-11-22 00:00:00'), Timestamp('2024-11-24 00:00:00'), Timestamp('2024-11-28 00:00:00'), Timestamp('2024-12-02 00:00:00'), Timestamp('2024-12-05 00:00:00'), Timestamp('2024-12-09 00:00:00'), Timestamp('2024-12-12 00:00:00'), Timestamp('2024-12-17 00:00:00'), Timestamp('2024-12-20 00:00:00')]","[2, 135, 1, 1, 6, 3, 1, 3, 3, 1, 3, 1, 4, 1]"
Christmas Tree - V,Christmas Tree,V,1,2024-07-02,2024-09-19,72,[Timestamp('2024-09-09 00:00:00')],[Timestamp('2024-09-18 00:00:00')],[8]
Christmas Without You - Ava Max,Christmas Without You,Ava Max,0,2024-12-25,2024-12-27,3,[],[],[]
Circles - Post Malone,Circles,Post Malone,0,2024-11-05,2024-11-06,2,[],[],[]
Click Like (Prod. Crush) (Feat. Paul Blanco) - Various Artists,Click Like (Prod. Crush) (Feat. Paul Blanco),Various Artists,1,2024-09-07,2024-09-13,4,[Timestamp('2024-09-09 00:00:00')],[Timestamp('2024-09-13 00:00:00')],[3]
Closer Than This - Jimin,Closer Than This,Jimin,4,2024-12-24,2025-11-27,335,"[Timestamp('2025-03-13 00:00:00'), Timestamp('2025-03-24 00:00:00'), Timestamp('2025-07-10 00:00:00'), Timestamp('2025-08-12 00:00:00')]","[Timestamp('2025-03-15 00:00:00'), Timestamp('2025-03-26 00:00:00'), Timestamp('2025-07-12 00:00:00'), Timestamp('2025-08-14 00:00:00')]","[1, 1, 1, 1]"
Closer to You (feat. Major Lazer) - Jung Kook,Closer to You (feat. Major Lazer),Jung Kook,13,2024-11-04,2025-06-08,60,"[Timestamp('2024-12-03 00:00:00'), Timestamp('2024-12-14 00:00:00'), Timestamp('2024-12-16 00:00:00'), Timestamp('2024-12-21 00:00:00'), Timestamp('2024-12-29 00:00:00'), Timestamp('2025-01-05 00:00:00'), Timestamp('2025-01-10 00:00:00'), Timestamp('2025-01-12 00:00:00'), Timestamp('2025-01-16 00:00:00'), Timestamp('2025-02-28 00:00:00'), Timestamp('2025-03-05 00:00:00'), Timestamp('2025-03-07 00:00:00'), Timestamp('2025-03-17 00:00:00')]","[Timestamp('2024-12-05 00:00:00'), Timestamp('2024-12-16 00:00:00'), Timestamp('2024-12-20 00:00:00'), Timestamp('2024-12-29 00:00:00'), Timestamp('2025-01-05 00:00:00'), Timestamp('2025-01-10 00:00:00'), Timestamp('2025-01-12 00:00:00'), Timestamp('2025-01-16 00:00:00'), Timestamp('2025-02-25 00:00:00'), Timestamp('2025-03-02 00:00:00'), Timestamp('2025-03-07 00:00:00'), Timestamp('2025-03-16 00:00:00'), Timestamp('2025-06-08 00:00:00')]","[1, 1, 3, 7, 6, 4, 1, 3, 39, 1, 1, 8, 82]"
Coca Cola Red (Feat. oygli) - Beenzino,Coca Cola Red (Feat. oygli),Beenzino,0,2024-07-05,2024-07-09,5,[],[],[]
Combo - RIIZE,Combo,RIIZE,0,2025-09-05,2025-09-06,2,[],[],[]
Come back to me - RM,Come back to me,RM,1,2025-05-12,2025-05-26,6,[Timestamp('2025-05-16 00:00:00')],[Timestamp('2025-05-26 00:00:00')],[9]
Cool With You - NewJeans,Cool With You,NewJeans,1,2024-07-23,2024-10-19,86,[Timestamp('2024-10-15 00:00:00')],[Timestamp('2024-10-19 00:00:00')],[3]
Cosmic - Red Velvet,Cosmic,Red Velvet,1,2025-06-26,2025-07-21,25,[Timestamp('2025-07-10 00:00:00')],[Timestamp('2025-07-12 00:00:00')],[1]
Cream Soda - EXO,Cream Soda,EXO,0,2024-07-13,2024-07-14,2,[],[],[]
"Crime (Feat. Bek Hyunjin, 250) - Beenzino","Crime (Feat. Bek Hyunjin, 250)",Beenzino,0,2024-07-05,2024-07-06,2,[],[],[]
Cruel Summer - Taylor Swift,Cruel Summer,Taylor Swift,16,2024-07-02,2025-09-18,250,"[Timestamp('2024-07-04 00:00:00'), Timestamp('2024-09-29 00:00:00'), Timestamp('2024-10-08 00:00:00'), Timestamp('2024-10-21 00:00:00'), Timestamp('2024-10-25 00:00:00'), Timestamp('2025-03-13 00:00:00'), Timestamp('2025-03-24 00:00:00'), Timestamp('2025-04-24 00:00:00'), Timestamp('2025-04-27 00:00:00'), Timestamp('2025-06-15 00:00:00'), Timestamp('2025-06-21 00:00:00'), Timestamp('2025-08-04 00:00:00'), Timestamp('2025-08-12 00:00:00'), Timestamp('2025-08-23 00:00:00'), Timestamp('2025-08-27 00:00:00'), Timestamp('2025-08-31 00:00:00')]","[Timestamp('2024-07-07 00:00:00'), Timestamp('2024-10-04 00:00:00'), Timestamp('2024-10-20 00:00:00'), Timestamp('2024-10-24 00:00:00'), Timestamp('2024-12-28 00:00:00'), Timestamp('2025-03-15 00:00:00'), Timestamp('2025-03-26 00:00:00'), Timestamp('2025-04-26 00:00:00'), Timestamp('2025-06-12 00:00:00'), Timestamp('2025-06-17 00:00:00'), Timestamp('2025-07-31 00:00:00'), Timestamp('2025-08-07 00:00:00'), Timestamp('2025-08-14 00:00:00'), Timestamp('2025-08-25 00:00:00'), Timestamp('2025-08-31 00:00:00'), Timestamp('2025-09-18 00:00:00')]","[2, 4, 11, 2, 63, 1, 1, 1, 45, 1, 39, 2, 1, 1, 3, 17]"
Cupid - FIFTY FIFTY,Cupid,FIFTY FIFTY,1,2024-05-18,2024-07-12,52,[Timestamp('2024-07-04 00:00:00')],[Timestamp('2024-07-09 00:00:00')],[4]
Cupid - Twin Ver. - FIFTY FIFTY,Cupid - Twin Ver.,FIFTY FIFTY,3,2024-05-18,2024-08-06,65,"[Timestamp('2024-07-04 00:00:00'), Timestamp('2024-07-21 00:00:00'), Timestamp('2024-07-26 00:00:00')]","[Timestamp('2024-07-07 00:00:00'), Timestamp('2024-07-26 00:00:00'), Timestamp('2024-08-06 00:00:00')]","[2, 4, 10]"
Cupido - Engel Montaz & Kuv507 & Latinnites Music,Cupido,Engel Montaz & Kuv507 & Latinnites Music,1,2025-01-06,2025-01-10,4,[Timestamp('2025-01-08 00:00:00')],[Timestamp('2025-01-10 00:00:00')],[1]
DASH - NMIXX,DASH,NMIXX,0,2025-01-17,2025-03-12,55,[],[],[]
DIE 4 YOU - DEAN,DIE 4 YOU,DEAN,0,2024-11-19,2024-12-16,28,[],[],[]
DRIP - BABYMONSTER,DRIP,BABYMONSTER,0,2025-11-04,2025-11-27,24,[],[],[]
Dance The Night (From Barbie The Album) - Dua Lipa,Dance The Night (From Barbie The Album),Dua Lipa,3,2024-06-03,2024-08-11,18,"[Timestamp('2024-06-03 00:00:00'), Timestamp('2024-06-09 00:00:00'), Timestamp('2024-07-28 00:00:00')]","[Timestamp('2024-06-09 00:00:00'), Timestamp('2024-07-26 00:00:00'), Timestamp('2024-07-30 00:00:00')]","[5, 46, 1]"
Dancing In The Flames - The Weeknd,Dancing In The Flames,The Weeknd,0,2025-09-15,2025-09-21,7,[],[],[]
Dangerous - BOYNEXTDOOR,Dangerous,BOYNEXTDOOR,0,2025-09-04,2025-09-15,12,[],[],[]
Dangerously - Charlie Puth,Dangerously,Charlie Puth,4,2024-05-18,2024-07-01,28,"[Timestamp('2024-06-02 00:00:00'), Timestamp('2024-06-08 00:00:00'), Timestamp('2024-06-13 00:00:00'), Timestamp('2024-06-20 00:00:00')]","[Timestamp('2024-06-04 00:00:00'), Timestamp('2024-06-13 00:00:00'), Timestamp('2024-06-16 00:00:00'), Timestamp('2024-07-01 00:00:00')]","[1, 4, 2, 10]"
Dare to Love (feat. BIG Naughty) - B.I,Dare to Love (feat. BIG Naughty),B.I,1,2024-06-25,2024-07-04,8,[Timestamp('2024-07-01 00:00:00')],[Timestamp('2024-07-04 00:00:00')],[2]
"Darling, I (feat. Teezo Touchdown) - Tyler, The Creator","Darling, I (feat. Teezo Touchdown)","Tyler, The Creator",0,2025-10-30,2025-10-31,2,[],[],[]
Deja Vu - TOMORROW X TOGETHER,Deja Vu,TOMORROW X TOGETHER,0,2025-04-03,2025-04-30,28,[],[],[]
Deseydin Anlardım - EDES,Deseydin Anlardım,EDES,0,2024-09-28,2024-09-29,2,[],[],[]
Die With A Smile - Lady Gaga & Bruno Mars,Die With A Smile,Lady Gaga & Bruno Mars,0,2025-08-17,2025-11-27,103,[],[],[]
Discord - QWER,Discord,QWER,1,2024-12-10,2024-12-16,5,[Timestamp('2024-12-12 00:00:00')],[Timestamp('2024-12-15 00:00:00')],[2]
Ditto (250 Remix) - NewJeans,Ditto (250 Remix),NewJeans,0,2024-12-21,2024-12-22,2,[],[],[]
Ditto - NewJeans,Ditto,NewJeans,27,2024-05-18,2025-11-05,374,"[Timestamp('2024-11-03 00:00:00'), Timestamp('2024-11-19 00:00:00'), Timestamp('2024-11-21 00:00:00'), Timestamp('2025-02-12 00:00:00'), Timestamp('2025-02-17 00:00:00'), Timestamp('2025-03-12 00:00:00'), Timestamp('2025-03-18 00:00:00'), Timestamp('2025-03-26 00:00:00'), Timestamp('2025-04-01 00:00:00'), Timestamp('2025-05-15 00:00:00'), Timestamp('2025-05-18 00:00:00'), Timestamp('2025-05-20 00:00:00'), Timestamp('2025-07-10 00:00:00'), Timestamp('2025-07-17 00:00:00'), Timestamp('2025-07-20 00:00:00'), Timestamp('2025-07-24 00:00:00'), Timestamp('2025-07-30 00:00:00'), Timestamp('2025-08-03 00:00:00'), Timestamp('2025-08-11 00:00:00'), Timestamp('2025-08-16 00:00:00'), Timestamp('2025-09-14 00:00:00'), Timestamp('2025-09-20 00:00:00'), Timestamp('2025-09-25 00:00:00'), Timestamp('2025-10-08 00:00:00'), Timestamp('2025-10-16 00:00:00'), Timestamp('2025-10-18 00:00:00'), Timestamp('2025-10-23 00:00:00')]","[Timestamp('2024-11-08 00:00:00'), Timestamp('2024-11-21 00:00:00'), Timestamp('2024-11-23 00:00:00'), Timestamp('2025-02-16 00:00:00'), Timestamp('2025-03-11 00:00:00'), Timestamp('2025-03-18 00:00:00'), Timestamp('2025-03-26 00:00:00'), Timestamp('2025-04-01 00:00:00'), Timestamp('2025-04-27 00:00:00'), Timestamp('2025-05-17 00:00:00'), Timestamp('2025-05-20 00:00:00'), Timestamp('2025-05-31 00:00:00'), Timestamp('2025-07-12 00:00:00'), Timestamp('2025-07-20 00:00:00'), Timestamp('2025-07-24 00:00:00'), Timestamp('2025-07-26 00:00:00'), Timestamp('2025-08-03 00:00:00'), Timestamp('2025-08-10 00:00:00'), Timestamp('2025-08-14 00:00:00'), Timestamp('2025-09-13 00:00:00'), Timestamp('2025-09-16 00:00:00'), Timestamp('2025-09-25 00:00:00'), Timestamp('2025-10-05 00:00:00'), Timestamp('2025-10-12 00:00:00'), Timestamp('2025-10-18 00:00:00'), Timestamp('2025-10-23 00:00:00'), Timestamp('2025-11-05 00:00:00')]","[4, 1, 1, 3, 21, 5, 7, 5, 25, 1, 1, 10, 1, 2, 3, 1, 3, 6, 2, 27, 1, 4, 9, 3, 1, 4, 12]"
Do or Die - Lim Young Woong,Do or Die,Lim Young Woong,7,2024-10-10,2025-11-19,389,"[Timestamp('2025-03-13 00:00:00'), Timestamp('2025-03-24 00:00:00'), Timestamp('2025-07-10 00:00:00'), Timestamp('2025-08-12 00:00:00'), Timestamp('2025-10-20 00:00:00'), Timestamp('2025-10-23 00:00:00'), Timestamp('2025-11-16 00:00:00')]","[Timestamp('2025-03-15 00:00:00'), Timestamp('2025-03-26 00:00:00'), Timestamp('2025-07-12 00:00:00'), Timestamp('2025-08-14 00:00:00'), Timestamp('2025-10-22 00:00:00'), Timestamp('2025-11-03 00:00:00'), Timestamp('2025-11-19 00:00:00')]","[1, 1, 1, 1, 1, 10, 2]"
Don't Look Back In Anger - Remastered - Oasis,Don't Look Back In Anger - Remastered,Oasis,1,2025-09-01,2025-09-03,2,[Timestamp('2025-09-01 00:00:00')],[Timestamp('2025-09-03 00:00:00')],[1]
Don't Look Back in Anger - Remastered - Oasis,Don't Look Back in Anger - Remastered,Oasis,2,2025-08-29,2025-09-04,5,"[Timestamp('2025-08-31 00:00:00'), Timestamp('2025-09-02 00:00:00')]","[Timestamp('2025-09-02 00:00:00'), Timestamp('2025-09-04 00:00:00')]","[1, 1]"
Dope As (Interlude) - Beenzino,Dope As (Interlude),Beenzino,0,2024-07-05,2024-07-06,2,[],[],[]
Down Bad - Taylor Swift,Down Bad,Taylor Swift,0,2025-04-21,2025-04-25,5,[],[],[]
Drama - aespa,Drama,aespa,8,2024-11-11,2025-10-12,223,"[Timestamp('2025-03-13 00:00:00'), Timestamp('2025-03-24 00:00:00'), Timestamp('2025-04-05 00:00:00'), Timestamp('2025-04-17 00:00:00'), Timestamp('2025-04-20 00:00:00'), Timestamp('2025-05-09 00:00:00'), Timestamp('2025-07-03 00:00:00'), Timestamp('2025-07-16 00:00:00')]","[Timestamp('2025-03-15 00:00:00'), Timestamp('2025-03-26 00:00:00'), Timestamp('2025-04-07 00:00:00'), Timestamp('2025-04-20 00:00:00'), Timestamp('2025-05-03 00:00:00'), Timestamp('2025-05-11 00:00:00'), Timestamp('2025-07-12 00:00:00'), Timestamp('2025-10-12 00:00:00')]","[1, 1, 1, 2, 12, 1, 8, 87]"
Dreamers [Music from the FIFA World Cup Qatar 2022 Official Soundtrack] - Jung Kook & BTS,Dreamers [Music from the FIFA World Cup Qatar 2022 Official Soundtrack],Jung Kook & BTS,4,2024-05-18,2024-11-20,161,"[Timestamp('2024-10-13 00:00:00'), Timestamp('2024-10-18 00:00:00'), Timestamp('2024-10-22 00:00:00'), Timestamp('2024-10-30 00:00:00')]","[Timestamp('2024-10-16 00:00:00'), Timestamp('2024-10-20 00:00:00'), Timestamp('2024-10-26 00:00:00'), Timestamp('2024-11-20 00:00:00')]","[2, 1, 3, 20]"
Drowning - WOODZ,Drowning,WOODZ,2,2025-11-13,2025-11-22,7,"[Timestamp('2025-11-17 00:00:00'), Timestamp('2025-11-19 00:00:00')]","[Timestamp('2025-11-19 00:00:00'), Timestamp('2025-11-22 00:00:00')]","[1, 2]"
EASY - LE SSERAFIM,EASY,LE SSERAFIM,10,2025-02-21,2025-08-31,141,"[Timestamp('2025-03-13 00:00:00'), Timestamp('2025-03-24 00:00:00'), Timestamp('2025-06-23 00:00:00'), Timestamp('2025-06-29 00:00:00'), Timestamp('2025-08-03 00:00:00'), Timestamp('2025-08-08 00:00:00'), Timestamp('2025-08-12 00:00:00'), Timestamp('2025-08-21 00:00:00'), Timestamp('2025-08-24 00:00:00'), Timestamp('2025-08-27 00:00:00')]","[Timestamp('2025-03-15 00:00:00'), Timestamp('2025-03-26 00:00:00'), Timestamp('2025-06-29 00:00:00'), Timestamp('2025-08-03 00:00:00'), Timestamp('2025-08-08 00:00:00'), Timestamp('2025-08-10 00:00:00'), Timestamp('2025-08-14 00:00:00'), Timestamp('2025-08-24 00:00:00'), Timestamp('2025-08-26 00:00:00'), Timestamp('2025-08-29 00:00:00')]","[1, 1, 5, 34, 4, 1, 1, 2, 1, 1]"
ENGLAND - YANGHONGWON,ENGLAND,YANGHONGWON,0,2025-05-26,2025-05-29,4,[],[],[]
ETA - NewJeans,ETA,NewJeans,18,2024-07-23,2025-11-05,340,"[Timestamp('2024-11-14 00:00:00'), Timestamp('2024-11-28 00:00:00'), Timestamp('2024-12-24 00:00:00'), Timestamp('2025-02-21 00:00:00'), Timestamp('2025-03-13 00:00:00'), Timestamp('2025-03-24 00:00:00'), Timestamp('2025-04-05 00:00:00'), Timestamp('2025-04-16 00:00:00'), Timestamp('2025-04-18 00:00:00'), Timestamp('2025-05-25 00:00:00'), Timestamp('2025-07-05 00:00:00'), Timestamp('2025-07-08 00:00:00'), Timestamp('2025-07-16 00:00:00'), Timestamp('2025-07-24 00:00:00'), Timestamp('2025-10-15 00:00:00'), Timestamp('2025-10-18 00:00:00'), Timestamp('2025-10-21 00:00:00'), Timestamp('2025-10-26 00:00:00')]","[Timestamp('2024-11-23 00:00:00'), Timestamp('2024-11-30 00:00:00'), Timestamp('2024-12-27 00:00:00'), Timestamp('2025-02-23 00:00:00'), Timestamp('2025-03-15 00:00:00'), Timestamp('2025-03-26 00:00:00'), Timestamp('2025-04-07 00:00:00'), Timestamp('2025-04-18 00:00:00'), Timestamp('2025-04-27 00:00:00'), Timestamp('2025-05-27 00:00:00'), Timestamp('2025-07-08 00:00:00'), Timestamp('2025-07-14 00:00:00'), Timestamp('2025-07-24 00:00:00'), Timestamp('2025-10-09 00:00:00'), Timestamp('2025-10-18 00:00:00'), Timestamp('2025-10-20 00:00:00'), Timestamp('2025-10-26 00:00:00'), Timestamp('2025-11-05 00:00:00')]","[8, 1, 2, 1, 1, 1, 1, 1, 8, 1, 2, 5, 7, 76, 2, 1, 4, 9]"
"Earth, Wind & Fire - BOYNEXTDOOR","Earth, Wind & Fire",BOYNEXTDOOR,0,2025-04-17,2025-05-11,25,[],[],[]
Either Way - IVE,Either Way,IVE,0,2024-09-27,2024-11-03,38,[],[],[]
Elevator - Lim Young Woong,Elevator,Lim Young Woong,3,2024-11-16,2024-12-08,6,"[Timestamp('2024-11-16 00:00:00'), Timestamp('2024-11-20 00:00:00'), Timestamp('2024-11-22 00:00:00')]","[Timestamp('2024-11-18 00:00:00'), Timestamp('2024-11-22 00:00:00'), Timestamp('2024-12-08 00:00:00')]","[1, 1, 15]"
Espresso - Sabrina Carpenter,Espresso,Sabrina Carpenter,2,2025-04-17,2025-10-11,176,"[Timestamp('2025-07-10 00:00:00'), Timestamp('2025-08-12 00:00:00')]","[Timestamp('2025-07-12 00:00:00'), Timestamp('2025-08-14 00:00:00')]","[1, 1]"
"Eve, Psyche & The Bluebeard’s wife - LE SSERAFIM","Eve, Psyche & The Bluebeard’s wife",LE SSERAFIM,0,2024-05-26,2024-10-03,131,[],[],[]
Every Moment With You - JAESSBEE,Every Moment With You,JAESSBEE,0,2025-11-14,2025-11-21,8,[],[],[]
FE!N (feat. Playboi Carti) - Travis Scott,FE!N (feat. Playboi Carti),Travis Scott,0,2024-08-01,2024-08-03,3,[],[],[]
FE!N - Travis Scott,FE!N,Travis Scott,0,2024-07-29,2024-07-31,3,[],[],[]
FIELD TRIP - ¥$ & Kanye West & Ty Dolla $ign,FIELD TRIP,¥$ & Kanye West & Ty Dolla $ign,1,2025-08-04,2025-08-25,9,[Timestamp('2025-08-10 00:00:00')],[Timestamp('2025-08-24 00:00:00')],[13]
FLOWER - JISOO,FLOWER,JISOO,3,2024-05-18,2024-07-24,44,"[Timestamp('2024-06-21 00:00:00'), Timestamp('2024-06-27 00:00:00'), Timestamp('2024-06-30 00:00:00')]","[Timestamp('2024-06-23 00:00:00'), Timestamp('2024-06-29 00:00:00'), Timestamp('2024-07-23 00:00:00')]","[1, 1, 22]"
FOREVER - BABYMONSTER,FOREVER,BABYMONSTER,0,2025-07-12,2025-07-18,7,[],[],[]
FRI(END)S (Instrumental) - V,FRI(END)S (Instrumental),V,0,2025-03-17,2025-03-24,8,[],[],[]
FRI(END)S (Slowed Down) - V,FRI(END)S (Slowed Down),V,0,2025-03-17,2025-03-24,8,[],[],[]
FRI(END)S (Sped Up) - V,FRI(END)S (Sped Up),V,0,2025-03-17,2025-03-24,8,[],[],[]
FRI(END)S - V,FRI(END)S,V,6,2025-03-17,2025-07-22,120,"[Timestamp('2025-03-24 00:00:00'), Timestamp('2025-06-25 00:00:00'), Timestamp('2025-06-28 00:00:00'), Timestamp('2025-07-10 00:00:00'), Timestamp('2025-07-14 00:00:00'), Timestamp('2025-07-20 00:00:00')]","[Timestamp('2025-03-26 00:00:00'), Timestamp('2025-06-28 00:00:00'), Timestamp('2025-06-30 00:00:00'), Timestamp('2025-07-12 00:00:00'), Timestamp('2025-07-17 00:00:00'), Timestamp('2025-07-22 00:00:00')]","[1, 2, 1, 1, 2, 1]"
FRIED - ¥$ & Kanye West & Ty Dolla $ign,FRIED,¥$ & Kanye West & Ty Dolla $ign,0,2025-08-04,2025-08-06,3,[],[],[]
Face-off - Jimin,Face-off,Jimin,10,2024-05-18,2025-07-20,405,"[Timestamp('2025-03-13 00:00:00'), Timestamp('2025-03-24 00:00:00'), Timestamp('2025-05-29 00:00:00'), Timestamp('2025-05-31 00:00:00'), Timestamp('2025-06-02 00:00:00'), Timestamp('2025-06-07 00:00:00'), Timestamp('2025-06-23 00:00:00'), Timestamp('2025-06-29 00:00:00'), Timestamp('2025-07-03 00:00:00'), Timestamp('2025-07-06 00:00:00')]","[Timestamp('2025-03-15 00:00:00'), Timestamp('2025-03-26 00:00:00'), Timestamp('2025-05-31 00:00:00'), Timestamp('2025-06-02 00:00:00'), Timestamp('2025-06-05 00:00:00'), Timestamp('2025-06-09 00:00:00'), Timestamp('2025-06-26 00:00:00'), Timestamp('2025-07-01 00:00:00'), Timestamp('2025-07-06 00:00:00'), Timestamp('2025-07-19 00:00:00')]","[1, 1, 1, 1, 2, 1, 2, 1, 2, 12]"
Fact Check - NCT 127,Fact Check,NCT 127,1,2024-10-07,2024-10-20,9,[Timestamp('2024-10-13 00:00:00')],[Timestamp('2024-10-19 00:00:00')],[5]
Falling - Jin,Falling,Jin,0,2025-11-17,2025-11-27,11,[],[],[]
Fast Forward - JEON SOMI,Fast Forward,JEON SOMI,0,2024-08-09,2024-10-23,76,[],[],[]
Fate - (G)I-DLE,Fate,(G)I-DLE,4,2025-02-21,2025-06-04,97,"[Timestamp('2025-03-13 00:00:00'), Timestamp('2025-03-24 00:00:00'), Timestamp('2025-05-25 00:00:00'), Timestamp('2025-05-27 00:00:00')]","[Timestamp('2025-03-15 00:00:00'), Timestamp('2025-03-26 00:00:00'), Timestamp('2025-05-27 00:00:00'), Timestamp('2025-06-01 00:00:00')]","[1, 1, 1, 4]"
Father - Lim Young Woong,Father,Lim Young Woong,5,2024-10-26,2025-02-27,106,"[Timestamp('2024-10-26 00:00:00'), Timestamp('2024-10-30 00:00:00'), Timestamp('2025-01-20 00:00:00'), Timestamp('2025-02-09 00:00:00'), Timestamp('2025-02-20 00:00:00')]","[Timestamp('2024-10-30 00:00:00'), Timestamp('2024-11-01 00:00:00'), Timestamp('2025-01-22 00:00:00'), Timestamp('2025-02-19 00:00:00'), Timestamp('2025-02-26 00:00:00')]","[3, 1, 1, 9, 5]"
Fighting (Feat. Lee Young Ji) - BSS,Fighting (Feat. Lee Young Ji),BSS,1,2024-05-18,2024-06-07,18,[Timestamp('2024-06-02 00:00:00')],[Timestamp('2024-06-06 00:00:00')],[3]
Filter - BTS,Filter,BTS,3,2024-06-12,2025-04-07,7,"[Timestamp('2024-06-12 00:00:00'), Timestamp('2024-06-15 00:00:00'), Timestamp('2024-06-22 00:00:00')]","[Timestamp('2024-06-14 00:00:00'), Timestamp('2024-06-21 00:00:00'), Timestamp('2025-04-06 00:00:00')]","[1, 5, 287]"
"Flights, Not Feelings - aespa","Flights, Not Feelings",aespa,0,2025-10-23,2025-10-24,2,[],[],[]
For Us - V,For Us,V,1,2024-09-10,2025-01-09,71,[Timestamp('2024-11-09 00:00:00')],[Timestamp('2024-12-31 00:00:00')],[51]
Fortnight (feat. Post Malone) - Taylor Swift,Fortnight (feat. Post Malone),Taylor Swift,2,2025-04-21,2025-06-06,43,"[Timestamp('2025-05-26 00:00:00'), Timestamp('2025-05-29 00:00:00')]","[Timestamp('2025-05-28 00:00:00'), Timestamp('2025-06-02 00:00:00')]","[1, 3]"
Fry’s Dream - AKMU,Fry’s Dream,AKMU,2,2024-08-23,2024-10-26,53,"[Timestamp('2024-08-25 00:00:00'), Timestamp('2024-09-09 00:00:00')]","[Timestamp('2024-09-05 00:00:00'), Timestamp('2024-09-12 00:00:00')]","[10, 2]"
GODS - League of Legends & NewJeans,GODS,League of Legends & NewJeans,2,2024-10-06,2025-01-31,111,"[Timestamp('2025-01-22 00:00:00'), Timestamp('2025-01-25 00:00:00')]","[Timestamp('2025-01-25 00:00:00'), Timestamp('2025-01-31 00:00:00')]","[2, 5]"
GOSLOW - YANGHONGWON,GOSLOW,YANGHONGWON,0,2025-05-26,2025-05-28,3,[],[],[]
Get A Guitar - RIIZE,Get A Guitar,RIIZE,8,2024-09-06,2025-04-24,189,"[Timestamp('2024-11-16 00:00:00'), Timestamp('2024-12-20 00:00:00'), Timestamp('2024-12-24 00:00:00'), Timestamp('2025-03-13 00:00:00'), Timestamp('2025-03-24 00:00:00'), Timestamp('2025-03-29 00:00:00'), Timestamp('2025-04-10 00:00:00'), Timestamp('2025-04-15 00:00:00')]","[Timestamp('2024-12-06 00:00:00'), Timestamp('2024-12-23 00:00:00'), Timestamp('2024-12-28 00:00:00'), Timestamp('2025-03-15 00:00:00'), Timestamp('2025-03-26 00:00:00'), Timestamp('2025-04-06 00:00:00'), Timestamp('2025-04-12 00:00:00'), Timestamp('2025-04-24 00:00:00')]","[19, 2, 3, 1, 1, 7, 1, 8]"
Get Up - NewJeans,Get Up,NewJeans,0,2024-07-23,2024-08-29,38,[],[],[]
Girls Never Die - tripleS,Girls Never Die,tripleS,1,2025-05-11,2025-06-27,46,[Timestamp('2025-06-21 00:00:00')],[Timestamp('2025-06-24 00:00:00')],[2]
God of Music - SEVENTEEN,God of Music,SEVENTEEN,0,2024-10-24,2024-11-03,11,[],[],[]
Good Bones - LE SSERAFIM,Good Bones,LE SSERAFIM,0,2025-02-21,2025-02-22,2,[],[],[]
Grain of Sand - Lim Young Woong,Grain of Sand,Lim Young Woong,7,2024-06-08,2025-11-22,516,"[Timestamp('2025-03-13 00:00:00'), Timestamp('2025-03-24 00:00:00'), Timestamp('2025-07-10 00:00:00'), Timestamp('2025-08-12 00:00:00'), Timestamp('2025-10-20 00:00:00'), Timestamp('2025-10-22 00:00:00'), Timestamp('2025-11-03 00:00:00')]","[Timestamp('2025-03-15 00:00:00'), Timestamp('2025-03-26 00:00:00'), Timestamp('2025-07-12 00:00:00'), Timestamp('2025-08-14 00:00:00'), Timestamp('2025-10-22 00:00:00'), Timestamp('2025-11-03 00:00:00'), Timestamp('2025-11-05 00:00:00')]","[1, 1, 1, 1, 1, 11, 1]"
Guess featuring Billie Eilish - Charli xcx & Billie Eilish,Guess featuring Billie Eilish,Charli xcx & Billie Eilish,1,2025-08-07,2025-08-16,8,[Timestamp('2025-08-11 00:00:00')],[Timestamp('2025-08-14 00:00:00')],[2]
Gym - Beenzino,Gym,Beenzino,0,2024-07-05,2024-07-06,2,[],[],[]
HAPPY - DAY6,HAPPY,DAY6,1,2025-03-21,2025-11-27,92,[Timestamp('2025-03-21 00:00:00')],[Timestamp('2025-08-29 00:00:00')],[160]
HARD - SHINee,HARD,SHINee,0,2024-06-29,2024-07-02,4,[],[],[]
HERO - Lim Young Woong,HERO,Lim Young Woong,4,2024-10-23,2025-02-20,111,"[Timestamp('2024-10-23 00:00:00'), Timestamp('2024-11-03 00:00:00'), Timestamp('2025-02-09 00:00:00'), Timestamp('2025-02-12 00:00:00')]","[Timestamp('2024-10-27 00:00:00'), Timestamp('2024-11-05 00:00:00'), Timestamp('2025-02-11 00:00:00'), Timestamp('2025-02-18 00:00:00')]","[3, 1, 1, 5]"
HEYA - IVE,HEYA,IVE,0,2025-05-01,2025-06-30,61,[],[],[]
HOME SWEET HOME (feat. TAEYANG & DAESUNG) - G-DRAGON & TAEYANG & DAESUNG,HOME SWEET HOME (feat. TAEYANG & DAESUNG),G-DRAGON & TAEYANG & DAESUNG,0,2025-11-24,2025-11-27,4,[],[],[]
HYAENA - Travis Scott,HYAENA,Travis Scott,0,2024-07-29,2024-07-30,2,[],[],[]
Haegeum - Agust D,Haegeum,Agust D,5,2024-05-18,2024-10-25,149,"[Timestamp('2024-06-12 00:00:00'), Timestamp('2024-06-18 00:00:00'), Timestamp('2024-10-12 00:00:00'), Timestamp('2024-10-16 00:00:00'), Timestamp('2024-10-21 00:00:00')]","[Timestamp('2024-06-16 00:00:00'), Timestamp('2024-06-21 00:00:00'), Timestamp('2024-10-16 00:00:00'), Timestamp('2024-10-20 00:00:00'), Timestamp('2024-10-23 00:00:00')]","[3, 2, 3, 3, 1]"
Hate You - Jung Kook,Hate You,Jung Kook,6,2024-11-04,2025-03-30,138,"[Timestamp('2024-12-24 00:00:00'), Timestamp('2025-01-27 00:00:00'), Timestamp('2025-01-30 00:00:00'), Timestamp('2025-03-09 00:00:00'), Timestamp('2025-03-13 00:00:00'), Timestamp('2025-03-24 00:00:00')]","[Timestamp('2024-12-27 00:00:00'), Timestamp('2025-01-30 00:00:00'), Timestamp('2025-02-02 00:00:00'), Timestamp('2025-03-11 00:00:00'), Timestamp('2025-03-15 00:00:00'), Timestamp('2025-03-26 00:00:00')]","[2, 2, 2, 1, 1, 1]"
Heart on the Window (with WENDY) - Jin,Heart on the Window (with WENDY),Jin,0,2025-11-17,2025-11-27,11,[],[],[]
Here With Me - d4vd,Here With Me,d4vd,0,2025-10-08,2025-11-26,50,[],[],[]
High Note - KingLee & Code G,High Note,KingLee & Code G,0,2025-01-16,2025-01-17,2,[],[],[]
Holssi - IU,Holssi,IU,2,2025-02-22,2025-03-26,30,"[Timestamp('2025-03-13 00:00:00'), Timestamp('2025-03-23 00:00:00')]","[Timestamp('2025-03-15 00:00:00'), Timestamp('2025-03-26 00:00:00')]","[1, 2]"
Home - Lim Young Woong,Home,Lim Young Woong,3,2025-05-08,2025-11-22,191,"[Timestamp('2025-07-10 00:00:00'), Timestamp('2025-08-12 00:00:00'), Timestamp('2025-10-25 00:00:00')]","[Timestamp('2025-07-12 00:00:00'), Timestamp('2025-08-14 00:00:00'), Timestamp('2025-11-01 00:00:00')]","[1, 1, 6]"
Horizon - TAEMIN,Horizon,TAEMIN,0,2025-08-22,2025-08-23,2,[],[],[]
How Sweet (Instrumental) - NewJeans,How Sweet (Instrumental),NewJeans,0,2025-05-26,2025-05-30,5,[],[],[]
How Sweet - NewJeans,How Sweet,NewJeans,2,2025-05-26,2025-11-27,184,"[Timestamp('2025-07-10 00:00:00'), Timestamp('2025-08-12 00:00:00')]","[Timestamp('2025-07-12 00:00:00'), Timestamp('2025-08-14 00:00:00')]","[1, 1]"
"How can I love the heartbreak, you're the one I love - AKMU","How can I love the heartbreak, you're the one I love",AKMU,2,2025-10-15,2025-11-18,33,"[Timestamp('2025-10-22 00:00:00'), Timestamp('2025-11-16 00:00:00')]","[Timestamp('2025-10-24 00:00:00'), Timestamp('2025-11-18 00:00:00')]","[1, 1]"
Hype Boy - NewJeans,Hype Boy,NewJeans,21,2024-05-18,2025-10-13,321,"[Timestamp('2024-10-20 00:00:00'), Timestamp('2024-10-22 00:00:00'), Timestamp('2024-12-11 00:00:00'), Timestamp('2024-12-30 00:00:00'), Timestamp('2025-01-15 00:00:00'), Timestamp('2025-02-10 00:00:00'), Timestamp('2025-03-26 00:00:00'), Timestamp('2025-03-30 00:00:00'), Timestamp('2025-04-02 00:00:00'), Timestamp('2025-04-04 00:00:00'), Timestamp('2025-04-16 00:00:00'), Timestamp('2025-05-25 00:00:00'), Timestamp('2025-07-10 00:00:00'), Timestamp('2025-08-12 00:00:00'), Timestamp('2025-08-27 00:00:00'), Timestamp('2025-08-31 00:00:00'), Timestamp('2025-09-12 00:00:00'), Timestamp('2025-09-14 00:00:00'), Timestamp('2025-09-20 00:00:00'), Timestamp('2025-09-24 00:00:00'), Timestamp('2025-09-30 00:00:00')]","[Timestamp('2024-10-22 00:00:00'), Timestamp('2024-12-11 00:00:00'), Timestamp('2024-12-30 00:00:00'), Timestamp('2025-01-04 00:00:00'), Timestamp('2025-02-10 00:00:00'), Timestamp('2025-03-26 00:00:00'), Timestamp('2025-03-30 00:00:00'), Timestamp('2025-04-01 00:00:00'), Timestamp('2025-04-04 00:00:00'), Timestamp('2025-04-11 00:00:00'), Timestamp('2025-04-27 00:00:00'), Timestamp('2025-05-27 00:00:00'), Timestamp('2025-07-12 00:00:00'), Timestamp('2025-08-14 00:00:00'), Timestamp('2025-08-31 00:00:00'), Timestamp('2025-09-07 00:00:00'), Timestamp('2025-09-14 00:00:00'), Timestamp('2025-09-16 00:00:00'), Timestamp('2025-09-23 00:00:00'), Timestamp('2025-09-29 00:00:00'), Timestamp('2025-10-13 00:00:00')]","[1, 49, 18, 4, 25, 43, 3, 1, 1, 6, 10, 1, 1, 1, 3, 6, 1, 1, 2, 4, 12]"
I AM - IVE,I AM,IVE,0,2024-05-18,2024-10-23,159,[],[],[]
I Don’t Think That I Like Her - Charlie Puth,I Don’t Think That I Like Her,Charlie Puth,4,2024-05-29,2024-07-01,8,"[Timestamp('2024-05-29 00:00:00'), Timestamp('2024-06-16 00:00:00'), Timestamp('2024-06-20 00:00:00'), Timestamp('2024-06-26 00:00:00')]","[Timestamp('2024-06-16 00:00:00'), Timestamp('2024-06-18 00:00:00'), Timestamp('2024-06-25 00:00:00'), Timestamp('2024-07-01 00:00:00')]","[17, 1, 4, 4]"
I Had Some Help (Feat. Morgan Wallen) - Post Malone & Morgan Wallen,I Had Some Help (Feat. Morgan Wallen),Post Malone & Morgan Wallen,1,2025-05-12,2025-05-23,9,[Timestamp('2025-05-19 00:00:00')],[Timestamp('2025-05-23 00:00:00')],[3]
I Like Me Better - Lauv,I Like Me Better,Lauv,1,2025-03-01,2025-03-03,2,[Timestamp('2025-03-01 00:00:00')],[Timestamp('2025-03-03 00:00:00')],[1]
I Love You - Lim Young Woong,I Love You,Lim Young Woong,12,2024-05-19,2025-03-09,150,"[Timestamp('2024-05-27 00:00:00'), Timestamp('2024-05-31 00:00:00'), Timestamp('2024-06-06 00:00:00'), Timestamp('2024-06-11 00:00:00'), Timestamp('2024-06-14 00:00:00'), Timestamp('2024-09-26 00:00:00'), Timestamp('2024-10-18 00:00:00'), Timestamp('2025-02-15 00:00:00'), Timestamp('2025-02-20 00:00:00'), Timestamp('2025-02-23 00:00:00'), Timestamp('2025-02-28 00:00:00'), Timestamp('2025-03-05 00:00:00')]","[Timestamp('2024-05-30 00:00:00'), Timestamp('2024-06-03 00:00:00'), Timestamp('2024-06-10 00:00:00'), Timestamp('2024-06-13 00:00:00'), Timestamp('2024-09-25 00:00:00'), Timestamp('2024-10-17 00:00:00'), Timestamp('2024-10-22 00:00:00'), Timestamp('2025-02-18 00:00:00'), Timestamp('2025-02-23 00:00:00'), Timestamp('2025-02-26 00:00:00'), Timestamp('2025-03-04 00:00:00'), Timestamp('2025-03-09 00:00:00')]","[2, 2, 3, 1, 102, 20, 3, 2, 2, 2, 3, 3]"
I stan U - IU,I stan U,IU,0,2025-02-22,2025-02-25,4,[],[],[]
I will come to you - Jin,I will come to you,Jin,1,2025-11-17,2025-11-27,10,[Timestamp('2025-11-21 00:00:00')],[Timestamp('2025-11-23 00:00:00')],[1]
I'll Be There - Jin,I'll Be There,Jin,0,2025-10-27,2025-11-20,25,[],[],[]
ISTJ - NCT DREAM,ISTJ,NCT DREAM,0,2024-07-19,2024-07-25,7,[],[],[]
If I have you only (My love X Nerd Connection) - Nerd Connection,If I have you only (My love X Nerd Connection),Nerd Connection,9,2025-04-02,2025-10-22,56,"[Timestamp('2025-04-02 00:00:00'), Timestamp('2025-04-09 00:00:00'), Timestamp('2025-04-16 00:00:00'), Timestamp('2025-04-26 00:00:00'), Timestamp('2025-09-03 00:00:00'), Timestamp('2025-09-07 00:00:00'), Timestamp('2025-09-10 00:00:00'), Timestamp('2025-09-26 00:00:00'), Timestamp('2025-10-20 00:00:00')]","[Timestamp('2025-04-09 00:00:00'), Timestamp('2025-04-12 00:00:00'), Timestamp('2025-04-18 00:00:00'), Timestamp('2025-09-02 00:00:00'), Timestamp('2025-09-07 00:00:00'), Timestamp('2025-09-09 00:00:00'), Timestamp('2025-09-15 00:00:00'), Timestamp('2025-09-29 00:00:00'), Timestamp('2025-10-22 00:00:00')]","[6, 2, 1, 128, 3, 1, 4, 2, 1]"
"If I’m S, Can You Be My N? - TWS","If I’m S, Can You Be My N?",TWS,1,2025-07-02,2025-07-23,21,[Timestamp('2025-07-10 00:00:00')],[Timestamp('2025-07-12 00:00:00')],[1]
If We Ever Meet Again - Lim Young Woong,If We Ever Meet Again,Lim Young Woong,8,2024-05-18,2025-10-11,503,"[Timestamp('2024-07-28 00:00:00'), Timestamp('2025-03-13 00:00:00'), Timestamp('2025-03-24 00:00:00'), Timestamp('2025-05-26 00:00:00'), Timestamp('2025-07-10 00:00:00'), Timestamp('2025-08-12 00:00:00'), Timestamp('2025-09-29 00:00:00'), Timestamp('2025-10-05 00:00:00')]","[Timestamp('2024-07-30 00:00:00'), Timestamp('2025-03-15 00:00:00'), Timestamp('2025-03-26 00:00:00'), Timestamp('2025-05-29 00:00:00'), Timestamp('2025-07-12 00:00:00'), Timestamp('2025-08-14 00:00:00'), Timestamp('2025-10-01 00:00:00'), Timestamp('2025-10-07 00:00:00')]","[1, 1, 1, 2, 1, 1, 1, 1]"
Igloo - KISS OF LIFE,Igloo,KISS OF LIFE,0,2025-10-26,2025-11-27,33,[],[],[]
Impossible - RIIZE,Impossible,RIIZE,1,2025-04-20,2025-06-21,40,[Timestamp('2025-05-25 00:00:00')],[Timestamp('2025-06-18 00:00:00')],[23]
In Bed/Makgulli - Beenzino,In Bed/Makgulli,Beenzino,0,2024-07-05,2024-07-08,4,[],[],[]
In Bloom - ZEROBASEONE,In Bloom,ZEROBASEONE,2,2024-07-13,2024-07-22,6,"[Timestamp('2024-07-14 00:00:00'), Timestamp('2024-07-19 00:00:00')]","[Timestamp('2024-07-17 00:00:00'), Timestamp('2024-07-22 00:00:00')]","[2, 2]"
Interlude : Dive - Jimin,Interlude : Dive,Jimin,21,2024-05-18,2025-06-29,364,"[Timestamp('2024-05-20 00:00:00'), Timestamp('2024-07-28 00:00:00'), Timestamp('2024-09-12 00:00:00'), Timestamp('2024-09-27 00:00:00'), Timestamp('2024-09-29 00:00:00'), Timestamp('2024-10-09 00:00:00'), Timestamp('2024-10-12 00:00:00'), Timestamp('2024-10-15 00:00:00'), Timestamp('2024-10-20 00:00:00'), Timestamp('2025-01-27 00:00:00'), Timestamp('2025-01-31 00:00:00'), Timestamp('2025-02-02 00:00:00'), Timestamp('2025-02-06 00:00:00'), Timestamp('2025-02-11 00:00:00'), Timestamp('2025-02-21 00:00:00'), Timestamp('2025-03-02 00:00:00'), Timestamp('2025-03-13 00:00:00'), Timestamp('2025-03-24 00:00:00'), Timestamp('2025-05-29 00:00:00'), Timestamp('2025-06-08 00:00:00'), Timestamp('2025-06-23 00:00:00')]","[Timestamp('2024-05-24 00:00:00'), Timestamp('2024-07-30 00:00:00'), Timestamp('2024-09-14 00:00:00'), Timestamp('2024-09-29 00:00:00'), Timestamp('2024-10-06 00:00:00'), Timestamp('2024-10-12 00:00:00'), Timestamp('2024-10-14 00:00:00'), Timestamp('2024-10-17 00:00:00'), Timestamp('2024-10-22 00:00:00'), Timestamp('2025-01-30 00:00:00'), Timestamp('2025-02-02 00:00:00'), Timestamp('2025-02-04 00:00:00'), Timestamp('2025-02-08 00:00:00'), Timestamp('2025-02-14 00:00:00'), Timestamp('2025-02-24 00:00:00'), Timestamp('2025-03-06 00:00:00'), Timestamp('2025-03-15 00:00:00'), Timestamp('2025-03-26 00:00:00'), Timestamp('2025-06-05 00:00:00'), Timestamp('2025-06-12 00:00:00'), Timestamp('2025-06-28 00:00:00')]","[3, 1, 1, 1, 6, 2, 1, 1, 1, 2, 1, 1, 1, 2, 2, 3, 1, 1, 6, 3, 4]"
Interlude : Showtime - Jimin,Interlude : Showtime,Jimin,1,2025-07-21,2025-11-27,129,[Timestamp('2025-08-12 00:00:00')],[Timestamp('2025-08-14 00:00:00')],[1]
Intro: Singularity - BTS,Intro: Singularity,BTS,2,2024-08-18,2024-08-28,6,"[Timestamp('2024-08-18 00:00:00'), Timestamp('2024-08-23 00:00:00')]","[Timestamp('2024-08-21 00:00:00'), Timestamp('2024-08-27 00:00:00')]","[2, 3]"
It's Beginning to Look a Lot like Christmas - Michael Bublé,It's Beginning to Look a Lot like Christmas,Michael Bublé,0,2024-12-24,2024-12-27,4,[],[],[]
It's the Most Wonderful Time of the Year - Andy Williams,It's the Most Wonderful Time of the Year,Andy Williams,0,2024-12-25,2024-12-26,2,[],[],[]
I’ll Be There - Jin,I’ll Be There,Jin,0,2025-11-21,2025-11-27,7,[],[],[]
I’ll See You There Tomorrow - TOMORROW X TOGETHER,I’ll See You There Tomorrow,TOMORROW X TOGETHER,1,2025-04-18,2025-04-26,7,[Timestamp('2025-04-20 00:00:00')],[Timestamp('2025-04-23 00:00:00')],[2]
JEALOUSYVALHALLA - YANGHONGWON,JEALOUSYVALHALLA,YANGHONGWON,0,2025-05-27,2025-06-01,6,[],[],[]
Jealousyvalhalla - YANGHONGWON,Jealousyvalhalla,YANGHONGWON,1,2025-05-19,2025-05-26,5,[Timestamp('2025-05-22 00:00:00')],[Timestamp('2025-05-26 00:00:00')],[3]
Jingle Bell Rock - Bobby Helms,Jingle Bell Rock,Bobby Helms,0,2024-12-25,2024-12-27,3,[],[],[]
K-POP - Travis Scott & Bad Bunny & The Weeknd,K-POP,Travis Scott & Bad Bunny & The Weeknd,1,2024-07-23,2024-07-30,6,[Timestamp('2024-07-26 00:00:00')],[Timestamp('2024-07-29 00:00:00')],[2]
KIDDING - ISEGYE IDOL,KIDDING,ISEGYE IDOL,0,2024-08-20,2024-08-22,3,[],[],[]
Kill Bill - SZA,Kill Bill,SZA,3,2024-05-18,2024-07-04,43,"[Timestamp('2024-05-19 00:00:00'), Timestamp('2024-06-09 00:00:00'), Timestamp('2024-06-19 00:00:00')]","[Timestamp('2024-05-21 00:00:00'), Timestamp('2024-06-11 00:00:00'), Timestamp('2024-06-23 00:00:00')]","[1, 1, 3]"
Kill It - aespa,Kill It,aespa,0,2025-10-23,2025-10-26,4,[],[],[]
Kitsch - IVE,Kitsch,IVE,2,2024-05-18,2024-08-19,92,"[Timestamp('2024-08-15 00:00:00'), Timestamp('2024-08-17 00:00:00')]","[Timestamp('2024-08-17 00:00:00'), Timestamp('2024-08-19 00:00:00')]","[1, 1]"
Klaxon - (G)I-DLE,Klaxon,(G)I-DLE,2,2025-07-22,2025-08-16,22,"[Timestamp('2025-07-24 00:00:00'), Timestamp('2025-08-12 00:00:00')]","[Timestamp('2025-07-27 00:00:00'), Timestamp('2025-08-15 00:00:00')]","[2, 2]"
LALALALA - Stray Kids,LALALALA,Stray Kids,0,2024-11-11,2024-11-15,5,[],[],[]
LOCKDOWN - ISEGYE IDOL,LOCKDOWN,ISEGYE IDOL,0,2024-06-25,2024-06-28,4,[],[],[]
LOST! - RM,LOST!,RM,0,2025-05-26,2025-06-01,7,[],[],[]
LOVE DIVE - IVE,LOVE DIVE,IVE,3,2024-05-18,2024-06-19,6,"[Timestamp('2024-05-19 00:00:00'), Timestamp('2024-05-22 00:00:00'), Timestamp('2024-05-29 00:00:00')]","[Timestamp('2024-05-21 00:00:00'), Timestamp('2024-05-29 00:00:00'), Timestamp('2024-06-19 00:00:00')]","[1, 6, 20]"
"LOVE, MONEY, FAME (feat. DJ Khaled) - SEVENTEEN","LOVE, MONEY, FAME (feat. DJ Khaled)",SEVENTEEN,0,2025-10-16,2025-10-30,15,[],[],[]
LUNCH - Billie Eilish,LUNCH,Billie Eilish,0,2025-05-19,2025-06-16,29,[],[],[]
Last Christmas - Single Version - Wham!,Last Christmas - Single Version,Wham!,1,2024-12-17,2024-12-27,8,[Timestamp('2024-12-19 00:00:00')],[Timestamp('2024-12-23 00:00:00')],[3]
Left and Right (Feat. Jung Kook of BTS) - Charlie Puth,Left and Right (Feat. Jung Kook of BTS),Charlie Puth,8,2024-05-18,2025-09-15,226,"[Timestamp('2024-10-23 00:00:00'), Timestamp('2024-10-30 00:00:00'), Timestamp('2024-12-01 00:00:00'), Timestamp('2025-01-19 00:00:00'), Timestamp('2025-01-24 00:00:00'), Timestamp('2025-01-29 00:00:00'), Timestamp('2025-02-10 00:00:00'), Timestamp('2025-08-21 00:00:00')]","[Timestamp('2024-10-26 00:00:00'), Timestamp('2024-11-28 00:00:00'), Timestamp('2024-12-28 00:00:00'), Timestamp('2025-01-21 00:00:00'), Timestamp('2025-01-28 00:00:00'), Timestamp('2025-02-10 00:00:00'), Timestamp('2025-08-18 00:00:00'), Timestamp('2025-08-23 00:00:00')]","[2, 28, 26, 1, 3, 11, 188, 1]"
Lemon - Beenzino,Lemon,Beenzino,0,2024-07-05,2024-07-07,3,[],[],[]
Let It Snow! Let It Snow! Let It Snow! - Dean Martin,Let It Snow! Let It Snow! Let It Snow!,Dean Martin,0,2024-12-25,2024-12-27,3,[],[],[]
Let off steam - Leellamarz & YANGHONGWON,Let off steam,Leellamarz & YANGHONGWON,0,2025-02-21,2025-02-22,2,[],[],[]
Let's Say Goodbye - Parc Jae Jung,Let's Say Goodbye,Parc Jae Jung,2,2024-07-14,2024-10-01,78,"[Timestamp('2024-07-28 00:00:00'), Timestamp('2024-09-12 00:00:00')]","[Timestamp('2024-07-30 00:00:00'), Timestamp('2024-09-14 00:00:00')]","[1, 1]"
Letter To Myself - TAEYEON,Letter To Myself,TAEYEON,0,2025-11-20,2025-11-23,4,[],[],[]
Licorice - aespa,Licorice,aespa,0,2025-05-30,2025-06-01,3,[],[],[]
Like A Fool (Feat. Y2K92) - Beenzino,Like A Fool (Feat. Y2K92),Beenzino,0,2024-07-05,2024-07-08,4,[],[],[]
Like Crazy (Deep House Remix) - Jimin,Like Crazy (Deep House Remix),Jimin,9,2024-05-19,2024-07-09,28,"[Timestamp('2024-05-20 00:00:00'), Timestamp('2024-05-28 00:00:00'), Timestamp('2024-05-30 00:00:00'), Timestamp('2024-06-03 00:00:00'), Timestamp('2024-06-08 00:00:00'), Timestamp('2024-06-17 00:00:00'), Timestamp('2024-06-24 00:00:00'), Timestamp('2024-07-01 00:00:00'), Timestamp('2024-07-03 00:00:00')]","[Timestamp('2024-05-28 00:00:00'), Timestamp('2024-05-30 00:00:00'), Timestamp('2024-06-01 00:00:00'), Timestamp('2024-06-08 00:00:00'), Timestamp('2024-06-10 00:00:00'), Timestamp('2024-06-20 00:00:00'), Timestamp('2024-06-27 00:00:00'), Timestamp('2024-07-03 00:00:00'), Timestamp('2024-07-09 00:00:00')]","[7, 1, 1, 4, 1, 2, 2, 1, 5]"
Like Crazy (English Version) - Jimin,Like Crazy (English Version),Jimin,3,2024-05-18,2025-07-23,429,"[Timestamp('2025-03-13 00:00:00'), Timestamp('2025-03-24 00:00:00'), Timestamp('2025-07-10 00:00:00')]","[Timestamp('2025-03-15 00:00:00'), Timestamp('2025-03-26 00:00:00'), Timestamp('2025-07-12 00:00:00')]","[1, 1, 1]"
Like Crazy (Instrumental) - Jimin,Like Crazy (Instrumental),Jimin,2,2024-06-11,2024-06-22,6,"[Timestamp('2024-06-12 00:00:00'), Timestamp('2024-06-15 00:00:00')]","[Timestamp('2024-06-14 00:00:00'), Timestamp('2024-06-21 00:00:00')]","[1, 5]"
Like Crazy (UK Garage Remix) - Jimin,Like Crazy (UK Garage Remix),Jimin,8,2024-05-19,2024-07-03,25,"[Timestamp('2024-05-20 00:00:00'), Timestamp('2024-05-28 00:00:00'), Timestamp('2024-06-01 00:00:00'), Timestamp('2024-06-03 00:00:00'), Timestamp('2024-06-08 00:00:00'), Timestamp('2024-06-17 00:00:00'), Timestamp('2024-06-24 00:00:00'), Timestamp('2024-07-01 00:00:00')]","[Timestamp('2024-05-28 00:00:00'), Timestamp('2024-06-01 00:00:00'), Timestamp('2024-06-03 00:00:00'), Timestamp('2024-06-08 00:00:00'), Timestamp('2024-06-10 00:00:00'), Timestamp('2024-06-20 00:00:00'), Timestamp('2024-06-27 00:00:00'), Timestamp('2024-07-03 00:00:00')]","[7, 3, 1, 4, 1, 2, 2, 1]"
Like Crazy - Jimin,Like Crazy,Jimin,5,2024-05-18,2025-11-27,554,"[Timestamp('2025-03-13 00:00:00'), Timestamp('2025-03-24 00:00:00'), Timestamp('2025-07-10 00:00:00'), Timestamp('2025-08-12 00:00:00'), Timestamp('2025-09-03 00:00:00')]","[Timestamp('2025-03-15 00:00:00'), Timestamp('2025-03-26 00:00:00'), Timestamp('2025-07-12 00:00:00'), Timestamp('2025-08-14 00:00:00'), Timestamp('2025-09-05 00:00:00')]","[1, 1, 1, 1, 1]"
Like That - Future & Metro Boomin,Like That,Future & Metro Boomin,1,2025-03-27,2025-03-31,4,[Timestamp('2025-03-27 00:00:00')],[Timestamp('2025-03-29 00:00:00')],[1]
Lilith (feat. SUGA of BTS) (Diablo IV Anthem) - Halsey & SUGA,Lilith (feat. SUGA of BTS) (Diablo IV Anthem),Halsey & SUGA,6,2024-06-07,2024-09-13,80,"[Timestamp('2024-07-19 00:00:00'), Timestamp('2024-07-28 00:00:00'), Timestamp('2024-08-05 00:00:00'), Timestamp('2024-08-23 00:00:00'), Timestamp('2024-08-26 00:00:00'), Timestamp('2024-09-02 00:00:00')]","[Timestamp('2024-07-22 00:00:00'), Timestamp('2024-07-31 00:00:00'), Timestamp('2024-08-07 00:00:00'), Timestamp('2024-08-25 00:00:00'), Timestamp('2024-08-30 00:00:00'), Timestamp('2024-09-13 00:00:00')]","[2, 2, 1, 1, 3, 10]"
Little Light - DOYOUNG,Little Light,DOYOUNG,1,2025-04-25,2025-05-04,8,[Timestamp('2025-04-28 00:00:00')],[Timestamp('2025-05-01 00:00:00')],[2]
Live My Life - aespa,Live My Life,aespa,0,2025-05-30,2025-05-31,2,[],[],[]
London Boy - Lim Young Woong,London Boy,Lim Young Woong,10,2024-05-18,2025-11-19,521,"[Timestamp('2025-03-13 00:00:00'), Timestamp('2025-03-24 00:00:00'), Timestamp('2025-07-10 00:00:00'), Timestamp('2025-08-12 00:00:00'), Timestamp('2025-10-13 00:00:00'), Timestamp('2025-10-18 00:00:00'), Timestamp('2025-11-05 00:00:00'), Timestamp('2025-11-09 00:00:00'), Timestamp('2025-11-14 00:00:00'), Timestamp('2025-11-16 00:00:00')]","[Timestamp('2025-03-15 00:00:00'), Timestamp('2025-03-26 00:00:00'), Timestamp('2025-07-12 00:00:00'), Timestamp('2025-08-14 00:00:00'), Timestamp('2025-10-15 00:00:00'), Timestamp('2025-11-05 00:00:00'), Timestamp('2025-11-08 00:00:00'), Timestamp('2025-11-13 00:00:00'), Timestamp('2025-11-16 00:00:00'), Timestamp('2025-11-19 00:00:00')]","[1, 1, 1, 1, 1, 17, 2, 3, 1, 2]"
Lost and Found - KingLee & Lil' Flip,Lost and Found,KingLee & Lil' Flip,1,2024-12-28,2025-01-17,3,[Timestamp('2024-12-28 00:00:00')],[Timestamp('2025-01-16 00:00:00')],[18]
Love 119 - RIIZE,Love 119,RIIZE,3,2025-01-07,2025-04-27,107,"[Timestamp('2025-03-13 00:00:00'), Timestamp('2025-03-24 00:00:00'), Timestamp('2025-04-20 00:00:00')]","[Timestamp('2025-03-15 00:00:00'), Timestamp('2025-03-26 00:00:00'), Timestamp('2025-04-23 00:00:00')]","[1, 1, 2]"
Love Always Run Away - Lim Young Woong,Love Always Run Away,Lim Young Woong,14,2024-05-18,2025-02-20,134,"[Timestamp('2024-05-18 00:00:00'), Timestamp('2024-05-23 00:00:00'), Timestamp('2024-05-25 00:00:00'), Timestamp('2024-05-31 00:00:00'), Timestamp('2024-06-03 00:00:00'), Timestamp('2024-06-07 00:00:00'), Timestamp('2024-06-10 00:00:00'), Timestamp('2024-06-13 00:00:00'), Timestamp('2024-08-09 00:00:00'), Timestamp('2024-08-11 00:00:00'), Timestamp('2024-10-03 00:00:00'), Timestamp('2024-10-15 00:00:00'), Timestamp('2025-02-09 00:00:00'), Timestamp('2025-02-12 00:00:00')]","[Timestamp('2024-05-23 00:00:00'), Timestamp('2024-05-25 00:00:00'), Timestamp('2024-05-30 00:00:00'), Timestamp('2024-06-02 00:00:00'), Timestamp('2024-06-05 00:00:00'), Timestamp('2024-06-09 00:00:00'), Timestamp('2024-06-13 00:00:00'), Timestamp('2024-08-09 00:00:00'), Timestamp('2024-08-11 00:00:00'), Timestamp('2024-10-02 00:00:00'), Timestamp('2024-10-14 00:00:00'), Timestamp('2024-10-21 00:00:00'), Timestamp('2025-02-12 00:00:00'), Timestamp('2025-02-19 00:00:00')]","[4, 1, 4, 1, 1, 1, 2, 56, 1, 51, 10, 5, 2, 6]"
Love Lee - AKMU,Love Lee,AKMU,1,2024-08-22,2024-11-12,82,[Timestamp('2024-11-10 00:00:00')],[Timestamp('2024-11-12 00:00:00')],[1]
Love Letter - Lim Young Woong,Love Letter,Lim Young Woong,9,2024-11-01,2025-02-07,75,"[Timestamp('2024-11-02 00:00:00'), Timestamp('2024-12-20 00:00:00'), Timestamp('2024-12-24 00:00:00'), Timestamp('2025-01-05 00:00:00'), Timestamp('2025-01-16 00:00:00'), Timestamp('2025-01-20 00:00:00'), Timestamp('2025-01-22 00:00:00'), Timestamp('2025-01-30 00:00:00'), Timestamp('2025-02-01 00:00:00')]","[Timestamp('2024-11-09 00:00:00'), Timestamp('2024-12-23 00:00:00'), Timestamp('2024-12-28 00:00:00'), Timestamp('2025-01-07 00:00:00'), Timestamp('2025-01-18 00:00:00'), Timestamp('2025-01-22 00:00:00'), Timestamp('2025-01-27 00:00:00'), Timestamp('2025-02-01 00:00:00'), Timestamp('2025-02-07 00:00:00')]","[6, 2, 3, 1, 1, 1, 4, 1, 5]"
Love Me Again - V,Love Me Again,V,4,2024-08-13,2025-11-27,468,"[Timestamp('2025-03-13 00:00:00'), Timestamp('2025-03-24 00:00:00'), Timestamp('2025-07-10 00:00:00'), Timestamp('2025-08-12 00:00:00')]","[Timestamp('2025-03-15 00:00:00'), Timestamp('2025-03-26 00:00:00'), Timestamp('2025-07-12 00:00:00'), Timestamp('2025-08-14 00:00:00')]","[1, 1, 1, 1]"
Love Me Like This - NMIXX,Love Me Like This,NMIXX,2,2024-05-18,2024-06-07,18,"[Timestamp('2024-06-02 00:00:00'), Timestamp('2024-06-05 00:00:00')]","[Timestamp('2024-06-05 00:00:00'), Timestamp('2024-06-07 00:00:00')]","[2, 1]"
Love Station - Lim Young Woong,Love Station,Lim Young Woong,3,2024-11-17,2024-12-05,5,"[Timestamp('2024-11-17 00:00:00'), Timestamp('2024-11-21 00:00:00'), Timestamp('2024-11-23 00:00:00')]","[Timestamp('2024-11-20 00:00:00'), Timestamp('2024-11-23 00:00:00'), Timestamp('2024-12-05 00:00:00')]","[2, 1, 11]"
Love You With All My Heart - Crush,Love You With All My Heart,Crush,1,2025-04-17,2025-05-25,34,[Timestamp('2025-04-17 00:00:00')],[Timestamp('2025-04-23 00:00:00')],[5]
Love wins all - IU,Love wins all,IU,3,2025-01-26,2025-04-22,84,"[Timestamp('2025-03-13 00:00:00'), Timestamp('2025-03-24 00:00:00'), Timestamp('2025-04-19 00:00:00')]","[Timestamp('2025-03-15 00:00:00'), Timestamp('2025-03-26 00:00:00'), Timestamp('2025-04-21 00:00:00')]","[1, 1, 1]"
Lovely Touch - Lim Young Woong,Lovely Touch,Lim Young Woong,5,2024-05-23,2025-02-20,119,"[Timestamp('2024-05-24 00:00:00'), Timestamp('2024-06-03 00:00:00'), Timestamp('2024-06-06 00:00:00'), Timestamp('2025-02-09 00:00:00'), Timestamp('2025-02-11 00:00:00')]","[Timestamp('2024-06-03 00:00:00'), Timestamp('2024-06-05 00:00:00'), Timestamp('2024-10-22 00:00:00'), Timestamp('2025-02-11 00:00:00'), Timestamp('2025-02-19 00:00:00')]","[9, 1, 137, 1, 7]"
Lovin On Me - Jack Harlow,Lovin On Me,Jack Harlow,2,2025-01-14,2025-01-31,15,"[Timestamp('2025-01-15 00:00:00'), Timestamp('2025-01-22 00:00:00')]","[Timestamp('2025-01-18 00:00:00'), Timestamp('2025-01-24 00:00:00')]","[2, 1]"
Loving You - Lim Young Woong,Loving You,Lim Young Woong,3,2024-11-17,2024-12-07,8,"[Timestamp('2024-11-17 00:00:00'), Timestamp('2024-11-22 00:00:00'), Timestamp('2024-12-04 00:00:00')]","[Timestamp('2024-11-19 00:00:00'), Timestamp('2024-12-04 00:00:00'), Timestamp('2024-12-06 00:00:00')]","[1, 11, 1]"
Lucky Girl Syndrome - ILLIT,Lucky Girl Syndrome,ILLIT,4,2025-03-28,2025-06-13,57,"[Timestamp('2025-04-06 00:00:00'), Timestamp('2025-05-25 00:00:00'), Timestamp('2025-05-30 00:00:00'), Timestamp('2025-06-09 00:00:00')]","[Timestamp('2025-04-23 00:00:00'), Timestamp('2025-05-27 00:00:00'), Timestamp('2025-06-02 00:00:00'), Timestamp('2025-06-12 00:00:00')]","[16, 1, 2, 2]"
MAESTRO - SEVENTEEN,MAESTRO,SEVENTEEN,1,2025-05-01,2025-05-16,13,[Timestamp('2025-05-11 00:00:00')],[Timestamp('2025-05-15 00:00:00')],[3]
MANIAC - VIVIZ,MANIAC,VIVIZ,4,2025-01-31,2025-02-28,13,"[Timestamp('2025-02-01 00:00:00'), Timestamp('2025-02-04 00:00:00'), Timestamp('2025-02-12 00:00:00'), Timestamp('2025-02-17 00:00:00')]","[Timestamp('2025-02-03 00:00:00'), Timestamp('2025-02-09 00:00:00'), Timestamp('2025-02-14 00:00:00'), Timestamp('2025-02-28 00:00:00')]","[1, 4, 1, 10]"
MELTDOWN - Travis Scott,MELTDOWN,Travis Scott,0,2024-07-29,2024-07-30,2,[],[],[]
MEOW - MEOVV,MEOW,MEOVV,1,2025-09-08,2025-10-26,48,[Timestamp('2025-10-23 00:00:00')],[Timestamp('2025-10-25 00:00:00')],[1]
MILLION DOLLAR BABY - Tommy Richman,MILLION DOLLAR BABY,Tommy Richman,3,2025-05-09,2025-09-07,118,"[Timestamp('2025-07-10 00:00:00'), Timestamp('2025-08-12 00:00:00'), Timestamp('2025-09-04 00:00:00')]","[Timestamp('2025-07-12 00:00:00'), Timestamp('2025-08-14 00:00:00'), Timestamp('2025-09-07 00:00:00')]","[1, 1, 2]"
MODERN JAM - Travis Scott,MODERN JAM,Travis Scott,0,2024-07-29,2024-07-30,2,[],[],[]
MY EYES - Travis Scott,MY EYES,Travis Scott,0,2024-07-29,2024-07-30,2,[],[],[]
Magnetic - ILLIT,Magnetic,ILLIT,2,2025-03-27,2025-11-27,244,"[Timestamp('2025-07-10 00:00:00'), Timestamp('2025-08-12 00:00:00')]","[Timestamp('2025-07-12 00:00:00'), Timestamp('2025-08-14 00:00:00')]","[1, 1]"
Mantra - JENNIE,Mantra,JENNIE,0,2025-10-13,2025-11-27,46,[],[],[]
Mars - D.O.,Mars,D.O.,1,2025-05-12,2025-05-18,2,[Timestamp('2025-05-12 00:00:00')],[Timestamp('2025-05-18 00:00:00')],[5]
Melt Down - DAY6,Melt Down,DAY6,4,2025-09-04,2025-11-13,66,"[Timestamp('2025-10-04 00:00:00'), Timestamp('2025-10-06 00:00:00'), Timestamp('2025-10-30 00:00:00'), Timestamp('2025-11-07 00:00:00')]","[Timestamp('2025-10-06 00:00:00'), Timestamp('2025-10-08 00:00:00'), Timestamp('2025-11-01 00:00:00'), Timestamp('2025-11-10 00:00:00')]","[1, 1, 1, 2]"
Memories - RIIZE,Memories,RIIZE,4,2024-08-31,2024-10-19,43,"[Timestamp('2024-09-02 00:00:00'), Timestamp('2024-09-16 00:00:00'), Timestamp('2024-09-23 00:00:00'), Timestamp('2024-09-28 00:00:00')]","[Timestamp('2024-09-05 00:00:00'), Timestamp('2024-09-18 00:00:00'), Timestamp('2024-09-25 00:00:00'), Timestamp('2024-10-02 00:00:00')]","[2, 1, 1, 3]"
Midas Touch - KISS OF LIFE,Midas Touch,KISS OF LIFE,2,2025-04-05,2025-06-29,78,"[Timestamp('2025-06-17 00:00:00'), Timestamp('2025-06-21 00:00:00')]","[Timestamp('2025-06-19 00:00:00'), Timestamp('2025-06-29 00:00:00')]","[1, 7]"
Midnight Fiction - ILLIT,Midnight Fiction,ILLIT,0,2025-03-28,2025-04-13,17,[],[],[]
Mine - aespa,Mine,aespa,0,2025-05-30,2025-05-31,2,[],[],[]
Mistletoe - Justin Bieber,Mistletoe,Justin Bieber,0,2024-12-25,2024-12-27,3,[],[],[]
Monet - Beenzino,Monet,Beenzino,0,2024-07-05,2024-07-12,8,[],[],[]
Monster - DAY6,Monster,DAY6,0,2025-09-04,2025-09-06,3,[],[],[]
Moonlit Floor (Kiss Me) - LISA,Moonlit Floor (Kiss Me),LISA,0,2025-10-26,2025-11-03,9,[],[],[]
Moonlit Floor - LISA,Moonlit Floor,LISA,0,2025-10-18,2025-10-25,8,[],[],[]
Mourning - Post Malone,Mourning,Post Malone,0,2024-05-21,2024-05-23,3,[],[],[]
My Boy Only Breaks His Favorite Toys - Taylor Swift,My Boy Only Breaks His Favorite Toys,Taylor Swift,0,2025-04-21,2025-04-22,2,[],[],[]
My Love Mine All Mine - Mitski,My Love Mine All Mine,Mitski,10,2024-12-17,2025-03-30,81,"[Timestamp('2024-12-20 00:00:00'), Timestamp('2024-12-23 00:00:00'), Timestamp('2025-01-06 00:00:00'), Timestamp('2025-02-12 00:00:00'), Timestamp('2025-02-25 00:00:00'), Timestamp('2025-03-13 00:00:00'), Timestamp('2025-03-15 00:00:00'), Timestamp('2025-03-20 00:00:00'), Timestamp('2025-03-22 00:00:00'), Timestamp('2025-03-28 00:00:00')]","[Timestamp('2024-12-23 00:00:00'), Timestamp('2024-12-28 00:00:00'), Timestamp('2025-01-09 00:00:00'), Timestamp('2025-02-14 00:00:00'), Timestamp('2025-03-02 00:00:00'), Timestamp('2025-03-15 00:00:00'), Timestamp('2025-03-19 00:00:00'), Timestamp('2025-03-22 00:00:00'), Timestamp('2025-03-27 00:00:00'), Timestamp('2025-03-30 00:00:00')]","[2, 4, 2, 1, 4, 1, 3, 1, 4, 1]"
My Name is Malguem - QWER,My Name is Malguem,QWER,0,2025-09-25,2025-11-27,64,[],[],[]
My Starry Love - Lim Young Woong,My Starry Love,Lim Young Woong,3,2024-11-12,2025-01-11,30,"[Timestamp('2024-12-08 00:00:00'), Timestamp('2024-12-13 00:00:00'), Timestamp('2025-01-03 00:00:00')]","[Timestamp('2024-12-13 00:00:00'), Timestamp('2025-01-03 00:00:00'), Timestamp('2025-01-11 00:00:00')]","[4, 20, 7]"
My World - ILLIT,My World,ILLIT,0,2025-03-28,2025-04-11,15,[],[],[]
My You - Jung Kook,My You,Jung Kook,6,2024-07-05,2024-10-01,30,"[Timestamp('2024-07-22 00:00:00'), Timestamp('2024-07-28 00:00:00'), Timestamp('2024-08-01 00:00:00'), Timestamp('2024-08-04 00:00:00'), Timestamp('2024-08-08 00:00:00'), Timestamp('2024-08-11 00:00:00')]","[Timestamp('2024-07-27 00:00:00'), Timestamp('2024-07-31 00:00:00'), Timestamp('2024-08-03 00:00:00'), Timestamp('2024-08-07 00:00:00'), Timestamp('2024-08-10 00:00:00'), Timestamp('2024-09-30 00:00:00')]","[4, 2, 1, 2, 1, 49]"
NEMONEMO - YENA,NEMONEMO,YENA,5,2025-10-09,2025-11-12,24,"[Timestamp('2025-10-20 00:00:00'), Timestamp('2025-10-23 00:00:00'), Timestamp('2025-10-28 00:00:00'), Timestamp('2025-11-03 00:00:00'), Timestamp('2025-11-06 00:00:00')]","[Timestamp('2025-10-22 00:00:00'), Timestamp('2025-10-25 00:00:00'), Timestamp('2025-11-01 00:00:00'), Timestamp('2025-11-05 00:00:00'), Timestamp('2025-11-12 00:00:00')]","[1, 1, 3, 1, 5]"
NEURON (with Gaeko & YOON MIRAE) - j-hope,NEURON (with Gaeko & YOON MIRAE),j-hope,0,2025-03-31,2025-04-05,6,[],[],[]
NIGHT DANCER - BIG Naughty Remix - imase & BIG Naughty,NIGHT DANCER - BIG Naughty Remix,imase & BIG Naughty,1,2024-05-21,2024-06-09,10,[Timestamp('2024-05-23 00:00:00')],[Timestamp('2024-06-03 00:00:00')],[10]
NIGHT DANCER - imase,NIGHT DANCER,imase,0,2024-05-18,2024-07-04,48,[],[],[]
Nest - Lim Young Woong,Nest,Lim Young Woong,6,2024-11-12,2025-01-11,36,"[Timestamp('2024-12-09 00:00:00'), Timestamp('2024-12-11 00:00:00'), Timestamp('2024-12-15 00:00:00'), Timestamp('2024-12-19 00:00:00'), Timestamp('2024-12-30 00:00:00'), Timestamp('2025-01-03 00:00:00')]","[Timestamp('2024-12-11 00:00:00'), Timestamp('2024-12-13 00:00:00'), Timestamp('2024-12-19 00:00:00'), Timestamp('2024-12-30 00:00:00'), Timestamp('2025-01-03 00:00:00'), Timestamp('2025-01-11 00:00:00')]","[1, 1, 3, 10, 3, 7]"
Neva Play (feat. RM of BTS) - Megan Thee Stallion & RM,Neva Play (feat. RM of BTS),Megan Thee Stallion & RM,0,2025-09-08,2025-09-22,15,[],[],[]
Never Let Go - Jung Kook,Never Let Go,Jung Kook,2,2025-06-09,2025-09-06,88,"[Timestamp('2025-07-10 00:00:00'), Timestamp('2025-08-12 00:00:00')]","[Timestamp('2025-07-12 00:00:00'), Timestamp('2025-08-14 00:00:00')]","[1, 1]"
New Jeans - NewJeans,New Jeans,NewJeans,23,2024-07-09,2025-10-21,280,"[Timestamp('2024-10-29 00:00:00'), Timestamp('2024-11-03 00:00:00'), Timestamp('2024-12-30 00:00:00'), Timestamp('2025-01-02 00:00:00'), Timestamp('2025-01-04 00:00:00'), Timestamp('2025-01-06 00:00:00'), Timestamp('2025-01-09 00:00:00'), Timestamp('2025-01-15 00:00:00'), Timestamp('2025-02-10 00:00:00'), Timestamp('2025-02-12 00:00:00'), Timestamp('2025-02-18 00:00:00'), Timestamp('2025-03-06 00:00:00'), Timestamp('2025-03-10 00:00:00'), Timestamp('2025-03-16 00:00:00'), Timestamp('2025-03-18 00:00:00'), Timestamp('2025-03-20 00:00:00'), Timestamp('2025-03-24 00:00:00'), Timestamp('2025-04-20 00:00:00'), Timestamp('2025-07-10 00:00:00'), Timestamp('2025-08-03 00:00:00'), Timestamp('2025-08-12 00:00:00'), Timestamp('2025-08-16 00:00:00'), Timestamp('2025-08-19 00:00:00')]","[Timestamp('2024-11-03 00:00:00'), Timestamp('2024-12-28 00:00:00'), Timestamp('2025-01-01 00:00:00'), Timestamp('2025-01-04 00:00:00'), Timestamp('2025-01-06 00:00:00'), Timestamp('2025-01-09 00:00:00'), Timestamp('2025-01-13 00:00:00'), Timestamp('2025-02-10 00:00:00'), Timestamp('2025-02-12 00:00:00'), Timestamp('2025-02-14 00:00:00'), Timestamp('2025-02-28 00:00:00'), Timestamp('2025-03-08 00:00:00'), Timestamp('2025-03-16 00:00:00'), Timestamp('2025-03-18 00:00:00'), Timestamp('2025-03-20 00:00:00'), Timestamp('2025-03-22 00:00:00'), Timestamp('2025-03-26 00:00:00'), Timestamp('2025-04-27 00:00:00'), Timestamp('2025-07-12 00:00:00'), Timestamp('2025-08-11 00:00:00'), Timestamp('2025-08-14 00:00:00'), Timestamp('2025-08-18 00:00:00'), Timestamp('2025-10-21 00:00:00')]","[4, 54, 1, 1, 1, 2, 3, 25, 1, 1, 9, 1, 5, 1, 1, 1, 1, 6, 1, 7, 1, 1, 62]"
New Woman (feat. ROSALÍA) - LISA & ROSALÍA,New Woman (feat. ROSALÍA),LISA & ROSALÍA,0,2025-08-17,2025-09-14,29,[],[],[]
Nice Guy - BOYNEXTDOOR,Nice Guy,BOYNEXTDOOR,1,2025-09-11,2025-10-04,20,[Timestamp('2025-09-29 00:00:00')],[Timestamp('2025-10-04 00:00:00')],[4]
No Tomorrow - Spotify Singles - Various Artists,No Tomorrow - Spotify Singles,Various Artists,1,2025-04-08,2025-04-11,3,[Timestamp('2025-04-08 00:00:00')],[Timestamp('2025-04-10 00:00:00')],[1]
"Noid - Tyler, The Creator",Noid,"Tyler, The Creator",0,2025-10-30,2025-10-31,2,[],[],[]
Not Like Us - Kendrick Lamar,Not Like Us,Kendrick Lamar,5,2025-05-09,2025-08-03,53,"[Timestamp('2025-05-25 00:00:00'), Timestamp('2025-06-01 00:00:00'), Timestamp('2025-06-29 00:00:00'), Timestamp('2025-07-10 00:00:00'), Timestamp('2025-07-28 00:00:00')]","[Timestamp('2025-05-30 00:00:00'), Timestamp('2025-06-22 00:00:00'), Timestamp('2025-07-07 00:00:00'), Timestamp('2025-07-12 00:00:00'), Timestamp('2025-07-31 00:00:00')]","[4, 20, 7, 1, 2]"
OMG (FRNK Remix) - NewJeans,OMG (FRNK Remix),NewJeans,0,2024-12-21,2024-12-22,2,[],[],[]
OMG - NewJeans,OMG,NewJeans,15,2024-05-18,2025-10-14,317,"[Timestamp('2024-10-28 00:00:00'), Timestamp('2024-12-24 00:00:00'), Timestamp('2025-01-26 00:00:00'), Timestamp('2025-01-29 00:00:00'), Timestamp('2025-02-01 00:00:00'), Timestamp('2025-02-04 00:00:00'), Timestamp('2025-02-12 00:00:00'), Timestamp('2025-02-18 00:00:00'), Timestamp('2025-04-01 00:00:00'), Timestamp('2025-05-18 00:00:00'), Timestamp('2025-05-22 00:00:00'), Timestamp('2025-07-10 00:00:00'), Timestamp('2025-07-21 00:00:00'), Timestamp('2025-07-31 00:00:00'), Timestamp('2025-08-19 00:00:00')]","[Timestamp('2024-12-02 00:00:00'), Timestamp('2024-12-28 00:00:00'), Timestamp('2025-01-28 00:00:00'), Timestamp('2025-02-01 00:00:00'), Timestamp('2025-02-04 00:00:00'), Timestamp('2025-02-10 00:00:00'), Timestamp('2025-02-14 00:00:00'), Timestamp('2025-04-01 00:00:00'), Timestamp('2025-04-28 00:00:00'), Timestamp('2025-05-20 00:00:00'), Timestamp('2025-06-01 00:00:00'), Timestamp('2025-07-12 00:00:00'), Timestamp('2025-07-24 00:00:00'), Timestamp('2025-08-17 00:00:00'), Timestamp('2025-10-13 00:00:00')]","[34, 3, 1, 2, 2, 5, 1, 41, 26, 1, 9, 1, 2, 16, 54]"
Off The Record - IVE,Off The Record,IVE,0,2024-10-07,2024-11-03,28,[],[],[]
"Our Blues, Our Life - Lim Young Woong","Our Blues, Our Life",Lim Young Woong,31,2024-05-18,2025-08-14,362,"[Timestamp('2024-07-04 00:00:00'), Timestamp('2024-07-26 00:00:00'), Timestamp('2024-08-17 00:00:00'), Timestamp('2024-08-20 00:00:00'), Timestamp('2024-08-29 00:00:00'), Timestamp('2024-09-06 00:00:00'), Timestamp('2024-09-27 00:00:00'), Timestamp('2024-10-05 00:00:00'), Timestamp('2024-10-09 00:00:00'), Timestamp('2025-03-13 00:00:00'), Timestamp('2025-03-24 00:00:00'), Timestamp('2025-04-22 00:00:00'), Timestamp('2025-04-27 00:00:00'), Timestamp('2025-04-30 00:00:00'), Timestamp('2025-05-04 00:00:00'), Timestamp('2025-05-08 00:00:00'), Timestamp('2025-05-14 00:00:00'), Timestamp('2025-05-18 00:00:00'), Timestamp('2025-05-21 00:00:00'), Timestamp('2025-06-11 00:00:00'), Timestamp('2025-06-21 00:00:00'), Timestamp('2025-06-27 00:00:00'), Timestamp('2025-07-01 00:00:00'), Timestamp('2025-07-04 00:00:00'), Timestamp('2025-07-07 00:00:00'), Timestamp('2025-07-10 00:00:00'), Timestamp('2025-07-20 00:00:00'), Timestamp('2025-07-24 00:00:00'), Timestamp('2025-08-07 00:00:00'), Timestamp('2025-08-09 00:00:00'), Timestamp('2025-08-12 00:00:00')]","[Timestamp('2024-07-10 00:00:00'), Timestamp('2024-07-31 00:00:00'), Timestamp('2024-08-20 00:00:00'), Timestamp('2024-08-24 00:00:00'), Timestamp('2024-09-03 00:00:00'), Timestamp('2024-09-10 00:00:00'), Timestamp('2024-09-29 00:00:00'), Timestamp('2024-10-07 00:00:00'), Timestamp('2024-10-13 00:00:00'), Timestamp('2025-03-15 00:00:00'), Timestamp('2025-03-26 00:00:00'), Timestamp('2025-04-24 00:00:00'), Timestamp('2025-04-29 00:00:00'), Timestamp('2025-05-02 00:00:00'), Timestamp('2025-05-07 00:00:00'), Timestamp('2025-05-10 00:00:00'), Timestamp('2025-05-16 00:00:00'), Timestamp('2025-05-20 00:00:00'), Timestamp('2025-06-10 00:00:00'), Timestamp('2025-06-21 00:00:00'), Timestamp('2025-06-24 00:00:00'), Timestamp('2025-06-30 00:00:00'), Timestamp('2025-07-04 00:00:00'), Timestamp('2025-07-06 00:00:00'), Timestamp('2025-07-09 00:00:00'), Timestamp('2025-07-15 00:00:00'), Timestamp('2025-07-22 00:00:00'), Timestamp('2025-08-05 00:00:00'), Timestamp('2025-08-09 00:00:00'), Timestamp('2025-08-12 00:00:00'), Timestamp('2025-08-14 00:00:00')]","[5, 4, 2, 3, 4, 3, 1, 1, 3, 1, 1, 1, 1, 1, 2, 1, 1, 1, 19, 9, 2, 2, 2, 1, 1, 4, 1, 11, 1, 2, 1]"
PALISADE - YANGHONGWON,PALISADE,YANGHONGWON,0,2025-05-26,2025-05-27,2,[],[],[]
PARANOIA - HEARTSTEEL & League of Legends & BAEKHYUN,PARANOIA,HEARTSTEEL & League of Legends & BAEKHYUN,0,2024-10-26,2024-10-28,3,[],[],[]
POWER - G-DRAGON,POWER,G-DRAGON,0,2025-11-02,2025-11-27,26,[],[],[]
PROMOTION - ¥$ & Kanye West & Ty Dolla $ign,PROMOTION,¥$ & Kanye West & Ty Dolla $ign,0,2025-08-04,2025-08-06,3,[],[],[]
Paint The Town Red - Doja Cat,Paint The Town Red,Doja Cat,0,2024-08-31,2024-11-03,65,[],[],[]
People Pt.2 (feat. IU) - Agust D,People Pt.2 (feat. IU),Agust D,2,2024-05-18,2024-11-04,144,"[Timestamp('2024-06-03 00:00:00'), Timestamp('2024-06-07 00:00:00')]","[Timestamp('2024-06-07 00:00:00'), Timestamp('2024-07-02 00:00:00')]","[3, 24]"
Perfect Night - LE SSERAFIM,Perfect Night,LE SSERAFIM,13,2024-10-29,2025-10-21,277,"[Timestamp('2025-03-13 00:00:00'), Timestamp('2025-03-24 00:00:00'), Timestamp('2025-05-10 00:00:00'), Timestamp('2025-05-14 00:00:00'), Timestamp('2025-05-20 00:00:00'), Timestamp('2025-05-25 00:00:00'), Timestamp('2025-06-01 00:00:00'), Timestamp('2025-06-11 00:00:00'), Timestamp('2025-06-20 00:00:00'), Timestamp('2025-08-12 00:00:00'), Timestamp('2025-08-19 00:00:00'), Timestamp('2025-08-25 00:00:00'), Timestamp('2025-08-28 00:00:00')]","[Timestamp('2025-03-15 00:00:00'), Timestamp('2025-03-26 00:00:00'), Timestamp('2025-05-13 00:00:00'), Timestamp('2025-05-20 00:00:00'), Timestamp('2025-05-23 00:00:00'), Timestamp('2025-06-01 00:00:00'), Timestamp('2025-06-03 00:00:00'), Timestamp('2025-06-14 00:00:00'), Timestamp('2025-08-10 00:00:00'), Timestamp('2025-08-14 00:00:00'), Timestamp('2025-08-25 00:00:00'), Timestamp('2025-08-28 00:00:00'), Timestamp('2025-09-01 00:00:00')]","[1, 1, 2, 5, 2, 6, 1, 2, 50, 1, 5, 2, 3]"
Pierrot - LE SSERAFIM,Pierrot,LE SSERAFIM,0,2025-09-01,2025-09-04,4,[],[],[]
Please Don't Change (feat. DJ Snake) - Jung Kook,Please Don't Change (feat. DJ Snake),Jung Kook,10,2024-11-04,2025-03-15,102,"[Timestamp('2024-12-21 00:00:00'), Timestamp('2024-12-23 00:00:00'), Timestamp('2024-12-30 00:00:00'), Timestamp('2025-01-16 00:00:00'), Timestamp('2025-01-21 00:00:00'), Timestamp('2025-01-24 00:00:00'), Timestamp('2025-01-26 00:00:00'), Timestamp('2025-02-03 00:00:00'), Timestamp('2025-02-07 00:00:00'), Timestamp('2025-03-09 00:00:00')]","[Timestamp('2024-12-23 00:00:00'), Timestamp('2024-12-28 00:00:00'), Timestamp('2025-01-01 00:00:00'), Timestamp('2025-01-21 00:00:00'), Timestamp('2025-01-23 00:00:00'), Timestamp('2025-01-26 00:00:00'), Timestamp('2025-02-03 00:00:00'), Timestamp('2025-02-05 00:00:00'), Timestamp('2025-02-13 00:00:00'), Timestamp('2025-03-15 00:00:00')]","[1, 4, 1, 4, 1, 1, 7, 1, 5, 5]"
Please Please Please - Sabrina Carpenter,Please Please Please,Sabrina Carpenter,5,2025-06-10,2025-09-01,56,"[Timestamp('2025-07-10 00:00:00'), Timestamp('2025-07-21 00:00:00'), Timestamp('2025-07-24 00:00:00'), Timestamp('2025-08-02 00:00:00'), Timestamp('2025-08-16 00:00:00')]","[Timestamp('2025-07-12 00:00:00'), Timestamp('2025-07-23 00:00:00'), Timestamp('2025-08-01 00:00:00'), Timestamp('2025-08-15 00:00:00'), Timestamp('2025-08-24 00:00:00')]","[1, 1, 7, 12, 7]"
Pleasure Shop - KEY,Pleasure Shop,KEY,1,2025-09-25,2025-09-29,4,[Timestamp('2025-09-27 00:00:00')],[Timestamp('2025-09-29 00:00:00')],[1]
Polaroid - Lim Young Woong,Polaroid,Lim Young Woong,4,2024-05-18,2025-10-11,508,"[Timestamp('2025-03-13 00:00:00'), Timestamp('2025-03-24 00:00:00'), Timestamp('2025-07-10 00:00:00'), Timestamp('2025-08-12 00:00:00')]","[Timestamp('2025-03-15 00:00:00'), Timestamp('2025-03-26 00:00:00'), Timestamp('2025-07-12 00:00:00'), Timestamp('2025-08-14 00:00:00')]","[1, 1, 1, 1]"
Promise - Jimin,Promise,Jimin,9,2024-05-18,2024-07-12,35,"[Timestamp('2024-05-20 00:00:00'), Timestamp('2024-05-28 00:00:00'), Timestamp('2024-05-30 00:00:00'), Timestamp('2024-06-02 00:00:00'), Timestamp('2024-06-08 00:00:00'), Timestamp('2024-06-26 00:00:00'), Timestamp('2024-07-01 00:00:00'), Timestamp('2024-07-04 00:00:00'), Timestamp('2024-07-10 00:00:00')]","[Timestamp('2024-05-28 00:00:00'), Timestamp('2024-05-30 00:00:00'), Timestamp('2024-06-02 00:00:00'), Timestamp('2024-06-08 00:00:00'), Timestamp('2024-06-10 00:00:00'), Timestamp('2024-06-28 00:00:00'), Timestamp('2024-07-03 00:00:00'), Timestamp('2024-07-07 00:00:00'), Timestamp('2024-07-12 00:00:00')]","[7, 1, 2, 5, 1, 1, 1, 2, 1]"
Pump Up The Volume! - PLAVE,Pump Up The Volume!,PLAVE,2,2025-08-22,2025-11-02,40,"[Timestamp('2025-09-15 00:00:00'), Timestamp('2025-09-21 00:00:00')]","[Timestamp('2025-09-17 00:00:00'), Timestamp('2025-10-24 00:00:00')]","[1, 32]"
Queencard - (G)I-DLE,Queencard,(G)I-DLE,2,2024-05-18,2024-09-29,119,"[Timestamp('2024-09-11 00:00:00'), Timestamp('2024-09-24 00:00:00')]","[Timestamp('2024-09-24 00:00:00'), Timestamp('2024-09-29 00:00:00')]","[12, 4]"
ROLEX - YANGHONGWON,ROLEX,YANGHONGWON,0,2025-01-20,2025-01-21,2,[],[],[]
Radio - Beenzino,Radio,Beenzino,0,2024-07-05,2024-07-06,2,[],[],[]
Rainbow - Lim Young Woong,Rainbow,Lim Young Woong,19,2024-05-18,2025-08-12,404,"[Timestamp('2024-07-04 00:00:00'), Timestamp('2024-07-08 00:00:00'), Timestamp('2024-07-26 00:00:00'), Timestamp('2024-08-30 00:00:00'), Timestamp('2024-09-08 00:00:00'), Timestamp('2025-03-13 00:00:00'), Timestamp('2025-03-24 00:00:00'), Timestamp('2025-05-22 00:00:00'), Timestamp('2025-06-04 00:00:00'), Timestamp('2025-06-11 00:00:00'), Timestamp('2025-06-16 00:00:00'), Timestamp('2025-06-18 00:00:00'), Timestamp('2025-06-21 00:00:00'), Timestamp('2025-06-28 00:00:00'), Timestamp('2025-07-10 00:00:00'), Timestamp('2025-07-13 00:00:00'), Timestamp('2025-07-24 00:00:00'), Timestamp('2025-07-30 00:00:00'), Timestamp('2025-08-09 00:00:00')]","[Timestamp('2024-07-08 00:00:00'), Timestamp('2024-07-10 00:00:00'), Timestamp('2024-07-31 00:00:00'), Timestamp('2024-09-01 00:00:00'), Timestamp('2024-09-10 00:00:00'), Timestamp('2025-03-15 00:00:00'), Timestamp('2025-03-26 00:00:00'), Timestamp('2025-06-04 00:00:00'), Timestamp('2025-06-07 00:00:00'), Timestamp('2025-06-16 00:00:00'), Timestamp('2025-06-18 00:00:00'), Timestamp('2025-06-21 00:00:00'), Timestamp('2025-06-24 00:00:00'), Timestamp('2025-06-30 00:00:00'), Timestamp('2025-07-12 00:00:00'), Timestamp('2025-07-15 00:00:00'), Timestamp('2025-07-29 00:00:00'), Timestamp('2025-08-04 00:00:00'), Timestamp('2025-08-12 00:00:00')]","[3, 1, 4, 1, 1, 1, 1, 12, 2, 4, 1, 2, 2, 1, 1, 1, 4, 4, 2]"
Rainy Days - V,Rainy Days,V,4,2024-08-13,2025-03-24,206,"[Timestamp('2025-02-20 00:00:00'), Timestamp('2025-03-09 00:00:00'), Timestamp('2025-03-13 00:00:00'), Timestamp('2025-03-16 00:00:00')]","[Timestamp('2025-03-02 00:00:00'), Timestamp('2025-03-11 00:00:00'), Timestamp('2025-03-15 00:00:00'), Timestamp('2025-03-24 00:00:00')]","[9, 1, 1, 7]"
Rebirth (Intro) - Jimin,Rebirth (Intro),Jimin,1,2025-07-21,2025-11-27,129,[Timestamp('2025-08-12 00:00:00')],[Timestamp('2025-08-14 00:00:00')],[1]
Right Now (Instrumental) - NewJeans,Right Now (Instrumental),NewJeans,0,2025-06-22,2025-06-23,2,[],[],[]
Right Now - NewJeans,Right Now,NewJeans,2,2025-06-22,2025-08-19,57,"[Timestamp('2025-07-10 00:00:00'), Timestamp('2025-08-12 00:00:00')]","[Timestamp('2025-07-12 00:00:00'), Timestamp('2025-08-14 00:00:00')]","[1, 1]"
Rockin' Around The Christmas Tree - Brenda Lee,Rockin' Around The Christmas Tree,Brenda Lee,0,2024-12-24,2024-12-27,4,[],[],[]
Rockstar - LISA,Rockstar,LISA,1,2025-06-30,2025-07-19,19,[Timestamp('2025-07-10 00:00:00')],[Timestamp('2025-07-12 00:00:00')],[1]
Roller Coaster - NMIXX,Roller Coaster,NMIXX,0,2024-07-08,2024-07-22,15,[],[],[]
Runaway - Kanye West,Runaway,Kanye West,0,2025-08-25,2025-09-04,11,[],[],[]
Running Wild - Jin,Running Wild,Jin,0,2025-11-17,2025-11-27,11,[],[],[]
S-Class - Stray Kids,S-Class,Stray Kids,0,2024-06-04,2024-07-04,31,[],[],[]
SAHARA - YANGHONGWON,SAHARA,YANGHONGWON,0,2025-05-26,2025-05-27,2,[],[],[]
SHEESH - BABYMONSTER,SHEESH,BABYMONSTER,1,2025-04-03,2025-07-05,91,[Timestamp('2025-06-30 00:00:00')],[Timestamp('2025-07-04 00:00:00')],[3]
SLIDE - ¥$ & Kanye West & Ty Dolla $ign,SLIDE,¥$ & Kanye West & Ty Dolla $ign,0,2025-08-04,2025-08-06,3,[],[],[]
SOS (Prod. Marshmello) - SEVENTEEN,SOS (Prod. Marshmello),SEVENTEEN,0,2024-10-24,2024-10-25,2,[],[],[]
SOS - KANGDANIEL,SOS,KANGDANIEL,3,2024-07-07,2024-09-02,49,"[Timestamp('2024-08-10 00:00:00'), Timestamp('2024-08-21 00:00:00'), Timestamp('2024-08-23 00:00:00')]","[Timestamp('2024-08-12 00:00:00'), Timestamp('2024-08-23 00:00:00'), Timestamp('2024-08-31 00:00:00')]","[1, 1, 7]"
SPOT! - ZICO,SPOT!,ZICO,0,2025-04-28,2025-04-30,3,[],[],[]
SPOT! - ZICO & JENNIE,SPOT!,ZICO & JENNIE,2,2025-05-01,2025-10-22,87,"[Timestamp('2025-07-10 00:00:00'), Timestamp('2025-07-25 00:00:00')]","[Timestamp('2025-07-12 00:00:00'), Timestamp('2025-10-21 00:00:00')]","[1, 87]"
STARS - Kanye West & Ty Dolla $ign,STARS,Kanye West & Ty Dolla $ign,0,2025-02-13,2025-02-14,2,[],[],[]
STUPID IN LOVE (feat. HUH YUNJIN of LE SSERAFIM) - MAX,STUPID IN LOVE (feat. HUH YUNJIN of LE SSERAFIM),MAX,3,2025-02-18,2025-04-20,31,"[Timestamp('2025-02-18 00:00:00'), Timestamp('2025-03-07 00:00:00'), Timestamp('2025-03-24 00:00:00')]","[Timestamp('2025-03-06 00:00:00'), Timestamp('2025-03-23 00:00:00'), Timestamp('2025-03-26 00:00:00')]","[15, 15, 1]"
Sandman - Beenzino,Sandman,Beenzino,0,2024-07-05,2024-07-07,3,[],[],[]
Santa Tell Me - Ariana Grande,Santa Tell Me,Ariana Grande,0,2024-12-17,2024-12-27,11,[],[],[]
Saturn - SZA,Saturn,SZA,2,2025-03-01,2025-03-16,9,"[Timestamp('2025-03-01 00:00:00'), Timestamp('2025-03-13 00:00:00')]","[Timestamp('2025-03-08 00:00:00'), Timestamp('2025-03-15 00:00:00')]","[6, 1]"
Scenery - V,Scenery,V,0,2024-08-29,2024-09-09,12,[],[],[]
See that? - NMIXX,See that?,NMIXX,0,2025-08-20,2025-09-12,24,[],[],[]
Set Me Free Pt.2 - Jimin,Set Me Free Pt.2,Jimin,3,2024-05-18,2025-07-23,429,"[Timestamp('2025-03-13 00:00:00'), Timestamp('2025-03-24 00:00:00'), Timestamp('2025-07-10 00:00:00')]","[Timestamp('2025-03-15 00:00:00'), Timestamp('2025-03-26 00:00:00'), Timestamp('2025-07-12 00:00:00')]","[1, 1, 1]"
Set The Tone - aespa,Set The Tone,aespa,0,2025-05-29,2025-06-02,5,[],[],[]
Seven (David Guetta Remix) - Jung Kook & Latto & David Guetta,Seven (David Guetta Remix),Jung Kook & Latto & David Guetta,0,2024-10-31,2024-11-03,4,[],[],[]
Seven (feat. Latto) (Alesso Remix) - Jung Kook & Latto,Seven (feat. Latto) (Alesso Remix),Jung Kook & Latto,2,2024-08-26,2024-09-08,8,"[Timestamp('2024-08-30 00:00:00'), Timestamp('2024-09-05 00:00:00')]","[Timestamp('2024-09-05 00:00:00'), Timestamp('2024-09-07 00:00:00')]","[5, 1]"
Seven (feat. Latto) (Band Ver.) - Jung Kook & Latto,Seven (feat. Latto) (Band Ver.),Jung Kook & Latto,3,2024-07-19,2024-08-05,10,"[Timestamp('2024-07-22 00:00:00'), Timestamp('2024-07-30 00:00:00'), Timestamp('2024-08-02 00:00:00')]","[Timestamp('2024-07-27 00:00:00'), Timestamp('2024-08-02 00:00:00'), Timestamp('2024-08-05 00:00:00')]","[4, 2, 2]"
Seven (feat. Latto) (Explicit Ver.) - Jung Kook,Seven (feat. Latto) (Explicit Ver.),Jung Kook,4,2024-11-04,2025-11-27,385,"[Timestamp('2025-03-13 00:00:00'), Timestamp('2025-03-24 00:00:00'), Timestamp('2025-07-10 00:00:00'), Timestamp('2025-08-12 00:00:00')]","[Timestamp('2025-03-15 00:00:00'), Timestamp('2025-03-26 00:00:00'), Timestamp('2025-07-12 00:00:00'), Timestamp('2025-08-14 00:00:00')]","[1, 1, 1, 1]"
Seven (feat. Latto) (Explicit Ver.) - Jung Kook & Latto,Seven (feat. Latto) (Explicit Ver.),Jung Kook & Latto,1,2024-07-16,2024-11-03,109,[Timestamp('2024-07-16 00:00:00')],[Timestamp('2024-07-19 00:00:00')],[2]
Seven (feat. Latto) (Explicit Ver.) - Jung Kook & Latto & BTS,Seven (feat. Latto) (Explicit Ver.),Jung Kook & Latto & BTS,0,2024-07-17,2024-07-18,2,[],[],[]
Seven (feat. Latto) (Instrumental) - Jung Kook & Latto,Seven (feat. Latto) (Instrumental),Jung Kook & Latto,1,2024-07-16,2024-08-06,20,[Timestamp('2024-07-16 00:00:00')],[Timestamp('2024-07-19 00:00:00')],[2]
Seven (feat. Latto) (Instrumental) - Jung Kook & Latto & BTS,Seven (feat. Latto) (Instrumental),Jung Kook & Latto & BTS,0,2024-07-17,2024-07-18,2,[],[],[]
Seven (feat. Latto) (Lofi Mix) - Jung Kook & Latto,Seven (feat. Latto) (Lofi Mix),Jung Kook & Latto,0,2024-07-27,2024-07-28,2,[],[],[]
Seven (feat. Latto) (Summer Mix) - Jung Kook & Latto,Seven (feat. Latto) (Summer Mix),Jung Kook & Latto,1,2024-07-19,2024-07-28,6,[Timestamp('2024-07-22 00:00:00')],[Timestamp('2024-07-27 00:00:00')],[4]
Sexy In The Air - TAEMIN,Sexy In The Air,TAEMIN,0,2025-08-20,2025-08-30,11,[],[],[]
She Smiled - DAY6,She Smiled,DAY6,0,2025-09-04,2025-09-08,5,[],[],[]
"Shh.. (Feat. HYEIN, WONSUN JOE & Special Narr. Patti Kim) - IU","Shh.. (Feat. HYEIN, WONSUN JOE & Special Narr. Patti Kim)",IU,0,2025-02-22,2025-02-25,4,[],[],[]
Shoong! (feat. LISA of BLACKPINK) - TAEYANG,Shoong! (feat. LISA of BLACKPINK),TAEYANG,0,2024-05-18,2024-05-27,10,[],[],[]
Shopper - IU,Shopper,IU,0,2025-02-22,2025-03-10,17,[],[],[]
Shot Glass of Tears - Jung Kook,Shot Glass of Tears,Jung Kook,5,2024-11-04,2025-03-01,44,"[Timestamp('2024-12-10 00:00:00'), Timestamp('2024-12-13 00:00:00'), Timestamp('2024-12-16 00:00:00'), Timestamp('2024-12-19 00:00:00'), Timestamp('2024-12-29 00:00:00')]","[Timestamp('2024-12-12 00:00:00'), Timestamp('2024-12-15 00:00:00'), Timestamp('2024-12-19 00:00:00'), Timestamp('2024-12-29 00:00:00'), Timestamp('2025-03-01 00:00:00')]","[1, 1, 2, 9, 61]"
Shxtty Game - DAY6,Shxtty Game,DAY6,0,2025-09-04,2025-09-06,3,[],[],[]
Siren - RIIZE,Siren,RIIZE,0,2025-04-05,2025-05-06,32,[],[],[]
Skrr (feat. GISELLE) - HAON,Skrr (feat. GISELLE),HAON,0,2025-11-23,2025-11-27,5,[],[],[]
Slime You Out (feat. SZA) - Drake & SZA,Slime You Out (feat. SZA),Drake & SZA,0,2024-09-17,2024-09-18,2,[],[],[]
Slow Dance (feat. Sofia Carson) - Jimin,Slow Dance (feat. Sofia Carson),Jimin,1,2025-07-21,2025-11-27,129,[Timestamp('2025-08-12 00:00:00')],[Timestamp('2025-08-14 00:00:00')],[1]
Slow Dancing (FRNK Remix) - V,Slow Dancing (FRNK Remix),V,0,2024-10-24,2024-10-25,2,[],[],[]
Slow Dancing (Piano Ver.) - V,Slow Dancing (Piano Ver.),V,1,2024-09-10,2024-12-31,60,[Timestamp('2024-11-07 00:00:00')],[Timestamp('2024-12-31 00:00:00')],[53]
Slow Dancing - V,Slow Dancing,V,6,2024-09-10,2025-05-08,234,"[Timestamp('2024-09-14 00:00:00'), Timestamp('2025-03-13 00:00:00'), Timestamp('2025-03-24 00:00:00'), Timestamp('2025-04-30 00:00:00'), Timestamp('2025-05-02 00:00:00'), Timestamp('2025-05-05 00:00:00')]","[Timestamp('2024-09-17 00:00:00'), Timestamp('2025-03-15 00:00:00'), Timestamp('2025-03-26 00:00:00'), Timestamp('2025-05-02 00:00:00'), Timestamp('2025-05-04 00:00:00'), Timestamp('2025-05-07 00:00:00')]","[2, 1, 1, 1, 1, 1]"
Small girl (feat. D.O.) - Lee Young Ji,Small girl (feat. D.O.),Lee Young Ji,5,2025-06-22,2025-10-01,93,"[Timestamp('2025-07-10 00:00:00'), Timestamp('2025-08-12 00:00:00'), Timestamp('2025-08-31 00:00:00'), Timestamp('2025-09-03 00:00:00'), Timestamp('2025-09-11 00:00:00')]","[Timestamp('2025-07-12 00:00:00'), Timestamp('2025-08-14 00:00:00'), Timestamp('2025-09-02 00:00:00'), Timestamp('2025-09-09 00:00:00'), Timestamp('2025-09-13 00:00:00')]","[1, 1, 1, 5, 1]"
Smart - LE SSERAFIM,Smart,LE SSERAFIM,3,2025-02-21,2025-06-20,117,"[Timestamp('2025-03-13 00:00:00'), Timestamp('2025-03-24 00:00:00'), Timestamp('2025-05-25 00:00:00')]","[Timestamp('2025-03-15 00:00:00'), Timestamp('2025-03-26 00:00:00'), Timestamp('2025-05-27 00:00:00')]","[1, 1, 1]"
Smeraldo Garden Marching Band (feat. Loco) - Jimin,Smeraldo Garden Marching Band (feat. Loco),Jimin,1,2025-07-21,2025-11-27,129,[Timestamp('2025-08-12 00:00:00')],[Timestamp('2025-08-14 00:00:00')],[1]
Smeraldo Garden Marching Band (feat. Loco) - Jimin & Loco,Smeraldo Garden Marching Band (feat. Loco),Jimin & Loco,1,2025-06-30,2025-07-20,20,[Timestamp('2025-07-10 00:00:00')],[Timestamp('2025-07-12 00:00:00')],[1]
"Smoke (Prod. Dynamicduo, Padi) - Various Artists","Smoke (Prod. Dynamicduo, Padi)",Various Artists,0,2024-09-07,2024-10-22,46,[],[],[]
Smoothie - NCT DREAM,Smoothie,NCT DREAM,0,2025-03-27,2025-04-06,11,[],[],[]
Snow Flower (feat. Peakboy) - V,Snow Flower (feat. Peakboy),V,0,2024-08-29,2024-09-09,12,[],[],[]
Snowman - Sia,Snowman,Sia,1,2024-12-17,2024-12-27,10,[Timestamp('2024-12-19 00:00:00')],[Timestamp('2024-12-21 00:00:00')],[1]
"So Long, London - Taylor Swift","So Long, London",Taylor Swift,0,2025-04-21,2025-04-22,2,[],[],[]
Somebody - D.O.,Somebody,D.O.,0,2024-10-04,2024-10-06,3,[],[],[]
Somebody - Jung Kook,Somebody,Jung Kook,15,2024-11-04,2025-03-10,62,"[Timestamp('2024-12-04 00:00:00'), Timestamp('2024-12-08 00:00:00'), Timestamp('2024-12-10 00:00:00'), Timestamp('2024-12-14 00:00:00'), Timestamp('2024-12-16 00:00:00'), Timestamp('2024-12-21 00:00:00'), Timestamp('2025-01-25 00:00:00'), Timestamp('2025-01-31 00:00:00'), Timestamp('2025-02-02 00:00:00'), Timestamp('2025-02-08 00:00:00'), Timestamp('2025-02-10 00:00:00'), Timestamp('2025-02-14 00:00:00'), Timestamp('2025-02-17 00:00:00'), Timestamp('2025-03-05 00:00:00'), Timestamp('2025-03-08 00:00:00')]","[Timestamp('2024-12-06 00:00:00'), Timestamp('2024-12-10 00:00:00'), Timestamp('2024-12-12 00:00:00'), Timestamp('2024-12-16 00:00:00'), Timestamp('2024-12-21 00:00:00'), Timestamp('2025-01-25 00:00:00'), Timestamp('2025-01-28 00:00:00'), Timestamp('2025-02-02 00:00:00'), Timestamp('2025-02-08 00:00:00'), Timestamp('2025-02-10 00:00:00'), Timestamp('2025-02-13 00:00:00'), Timestamp('2025-02-17 00:00:00'), Timestamp('2025-02-26 00:00:00'), Timestamp('2025-03-07 00:00:00'), Timestamp('2025-03-10 00:00:00')]","[1, 1, 1, 1, 4, 34, 2, 1, 5, 1, 2, 2, 8, 1, 1]"
Spicy - aespa,Spicy,aespa,1,2024-05-18,2024-09-16,120,[Timestamp('2024-09-12 00:00:00')],[Timestamp('2024-09-15 00:00:00')],[2]
Spring Snow - 10CM,Spring Snow,10CM,3,2025-05-17,2025-06-13,22,"[Timestamp('2025-05-17 00:00:00'), Timestamp('2025-05-19 00:00:00'), Timestamp('2025-05-25 00:00:00')]","[Timestamp('2025-05-19 00:00:00'), Timestamp('2025-05-22 00:00:00'), Timestamp('2025-05-29 00:00:00')]","[1, 2, 3]"
"St. Chroma (feat. Daniel Caesar) - Tyler, The Creator",St. Chroma (feat. Daniel Caesar),"Tyler, The Creator",0,2025-10-30,2025-10-31,2,[],[],[]
Standing Next to You (USHER Remix) - Jung Kook & USHER,Standing Next to You (USHER Remix),Jung Kook & USHER,0,2025-02-11,2025-02-25,15,[],[],[]
Standing Next to You (Usher Remix) - Jung Kook & USHER,Standing Next to You (Usher Remix),Jung Kook & USHER,0,2024-12-02,2025-01-27,57,[],[],[]
Standing Next to You - Jung Kook,Standing Next to You,Jung Kook,5,2024-11-04,2025-11-27,384,"[Timestamp('2025-03-01 00:00:00'), Timestamp('2025-03-13 00:00:00'), Timestamp('2025-03-24 00:00:00'), Timestamp('2025-07-10 00:00:00'), Timestamp('2025-08-12 00:00:00')]","[Timestamp('2025-03-03 00:00:00'), Timestamp('2025-03-15 00:00:00'), Timestamp('2025-03-26 00:00:00'), Timestamp('2025-07-12 00:00:00'), Timestamp('2025-08-14 00:00:00')]","[1, 1, 1, 1, 1]"
Stay Alive (Prod. SUGA of BTS) - Jung Kook,Stay Alive (Prod. SUGA of BTS),Jung Kook,1,2024-07-07,2024-08-12,13,[Timestamp('2024-07-18 00:00:00')],[Timestamp('2024-08-12 00:00:00')],[24]
Stay With Me (Feat. Skinny Brown) - ASH ISLAND,Stay With Me (Feat. Skinny Brown),ASH ISLAND,0,2024-12-20,2024-12-22,3,[],[],[]
Steady - NCT WISH,Steady,NCT WISH,1,2025-09-26,2025-10-02,5,[Timestamp('2025-09-29 00:00:00')],[Timestamp('2025-10-02 00:00:00')],[2]
"Steal The Show - From ""Elemental"" - Lauv","Steal The Show - From ""Elemental""",Lauv,1,2024-06-19,2024-10-03,105,[Timestamp('2024-09-06 00:00:00')],[Timestamp('2024-09-09 00:00:00')],[2]
Sticky - KISS OF LIFE,Sticky,KISS OF LIFE,3,2025-07-02,2025-10-21,109,"[Timestamp('2025-07-10 00:00:00'), Timestamp('2025-08-12 00:00:00'), Timestamp('2025-10-19 00:00:00')]","[Timestamp('2025-07-12 00:00:00'), Timestamp('2025-08-14 00:00:00'), Timestamp('2025-10-21 00:00:00')]","[1, 1, 1]"
Still With You - Jung Kook,Still With You,Jung Kook,1,2024-07-05,2024-10-23,109,[Timestamp('2024-10-20 00:00:00')],[Timestamp('2024-10-23 00:00:00')],[2]
Stinky Kiss (Intro) - Beenzino,Stinky Kiss (Intro),Beenzino,0,2024-07-05,2024-07-06,2,[],[],[]
Sudden Shower - ECLIPSE,Sudden Shower,ECLIPSE,4,2025-05-09,2025-08-02,77,"[Timestamp('2025-05-10 00:00:00'), Timestamp('2025-05-18 00:00:00'), Timestamp('2025-05-25 00:00:00'), Timestamp('2025-07-10 00:00:00')]","[Timestamp('2025-05-15 00:00:00'), Timestamp('2025-05-21 00:00:00'), Timestamp('2025-05-28 00:00:00'), Timestamp('2025-07-12 00:00:00')]","[4, 2, 2, 1]"
Sugarcoat (NATTY Solo) - KISS OF LIFE,Sugarcoat (NATTY Solo),KISS OF LIFE,3,2024-08-22,2024-09-13,17,"[Timestamp('2024-08-22 00:00:00'), Timestamp('2024-09-06 00:00:00'), Timestamp('2024-09-09 00:00:00')]","[Timestamp('2024-08-24 00:00:00'), Timestamp('2024-09-09 00:00:00'), Timestamp('2024-09-13 00:00:00')]","[1, 2, 3]"
Summer (Feat. BE’O) - Paul Blanco,Summer (Feat. BE’O),Paul Blanco,0,2024-08-05,2024-08-27,23,[],[],[]
Sunflower - Spider-Man: Into the Spider-Verse - Post Malone,Sunflower - Spider-Man: Into the Spider-Verse,Post Malone,5,2024-06-23,2024-09-24,23,"[Timestamp('2024-07-04 00:00:00'), Timestamp('2024-07-08 00:00:00'), Timestamp('2024-07-14 00:00:00'), Timestamp('2024-07-16 00:00:00'), Timestamp('2024-07-22 00:00:00')]","[Timestamp('2024-07-07 00:00:00'), Timestamp('2024-07-10 00:00:00'), Timestamp('2024-07-16 00:00:00'), Timestamp('2024-07-21 00:00:00'), Timestamp('2024-09-24 00:00:00')]","[2, 1, 1, 4, 63]"
Super - SEVENTEEN,Super,SEVENTEEN,2,2024-05-18,2024-08-08,79,"[Timestamp('2024-07-04 00:00:00'), Timestamp('2024-07-28 00:00:00')]","[Timestamp('2024-07-07 00:00:00'), Timestamp('2024-07-31 00:00:00')]","[2, 2]"
Super Lady - (G)I-DLE,Super Lady,(G)I-DLE,1,2025-02-01,2025-02-16,14,[Timestamp('2025-02-12 00:00:00')],[Timestamp('2025-02-15 00:00:00')],[2]
Super Shy - NewJeans,Super Shy,NewJeans,6,2024-07-09,2025-09-19,409,"[Timestamp('2025-03-13 00:00:00'), Timestamp('2025-03-24 00:00:00'), Timestamp('2025-07-10 00:00:00'), Timestamp('2025-08-12 00:00:00'), Timestamp('2025-08-22 00:00:00'), Timestamp('2025-08-25 00:00:00')]","[Timestamp('2025-03-15 00:00:00'), Timestamp('2025-03-26 00:00:00'), Timestamp('2025-07-12 00:00:00'), Timestamp('2025-08-14 00:00:00'), Timestamp('2025-08-24 00:00:00'), Timestamp('2025-09-19 00:00:00')]","[1, 1, 1, 1, 1, 24]"
Super Tuna - Jin,Super Tuna,Jin,0,2025-10-27,2025-11-03,8,[],[],[]
Supernatural (Instrumental) - NewJeans,Supernatural (Instrumental),NewJeans,0,2025-06-22,2025-06-27,6,[],[],[]
Supernatural - NewJeans,Supernatural,NewJeans,2,2025-06-22,2025-11-27,157,"[Timestamp('2025-07-10 00:00:00'), Timestamp('2025-08-12 00:00:00')]","[Timestamp('2025-07-12 00:00:00'), Timestamp('2025-08-14 00:00:00')]","[1, 1]"
Supernova - Japanese Version - KANGDANIEL,Supernova - Japanese Version,KANGDANIEL,0,2024-08-12,2024-08-21,10,[],[],[]
Supernova - aespa,Supernova,aespa,3,2025-05-15,2025-11-27,194,"[Timestamp('2025-07-10 00:00:00'), Timestamp('2025-08-12 00:00:00'), Timestamp('2025-09-20 00:00:00')]","[Timestamp('2025-07-12 00:00:00'), Timestamp('2025-08-14 00:00:00'), Timestamp('2025-09-22 00:00:00')]","[1, 1, 1]"
Supersonic - fromis_9,Supersonic,fromis_9,0,2025-08-15,2025-11-27,105,[],[],[]
Swan Song - LE SSERAFIM,Swan Song,LE SSERAFIM,1,2025-02-21,2025-03-16,23,[Timestamp('2025-03-13 00:00:00')],[Timestamp('2025-03-15 00:00:00')],[1]
Sweet Night - V,Sweet Night,V,2,2024-08-13,2024-09-08,23,"[Timestamp('2024-08-31 00:00:00'), Timestamp('2024-09-05 00:00:00')]","[Timestamp('2024-09-04 00:00:00'), Timestamp('2024-09-07 00:00:00')]","[3, 1]"
T.B.H - QWER,T.B.H,QWER,8,2025-04-06,2025-10-18,155,"[Timestamp('2025-07-10 00:00:00'), Timestamp('2025-08-12 00:00:00'), Timestamp('2025-08-21 00:00:00'), Timestamp('2025-08-28 00:00:00'), Timestamp('2025-09-19 00:00:00'), Timestamp('2025-10-07 00:00:00'), Timestamp('2025-10-11 00:00:00'), Timestamp('2025-10-15 00:00:00')]","[Timestamp('2025-07-12 00:00:00'), Timestamp('2025-08-14 00:00:00'), Timestamp('2025-08-25 00:00:00'), Timestamp('2025-09-19 00:00:00'), Timestamp('2025-09-29 00:00:00'), Timestamp('2025-10-10 00:00:00'), Timestamp('2025-10-15 00:00:00'), Timestamp('2025-10-17 00:00:00')]","[1, 1, 3, 21, 9, 2, 3, 1]"
THANK GOD - Travis Scott,THANK GOD,Travis Scott,0,2024-07-29,2024-07-30,2,[],[],[]
TOO MUCH - The Kid LAROI & Jung Kook & Central Cee,TOO MUCH,The Kid LAROI & Jung Kook & Central Cee,0,2024-10-21,2024-11-10,21,[],[],[]
Take Two - BTS,Take Two,BTS,1,2024-06-11,2024-11-17,155,[Timestamp('2024-11-01 00:00:00')],[Timestamp('2024-11-07 00:00:00')],[5]
Talk Saxy - RIIZE,Talk Saxy,RIIZE,6,2024-10-29,2025-01-27,22,"[Timestamp('2024-11-04 00:00:00'), Timestamp('2024-11-10 00:00:00'), Timestamp('2024-12-15 00:00:00'), Timestamp('2025-01-10 00:00:00'), Timestamp('2025-01-13 00:00:00'), Timestamp('2025-01-21 00:00:00')]","[Timestamp('2024-11-07 00:00:00'), Timestamp('2024-12-14 00:00:00'), Timestamp('2025-01-10 00:00:00'), Timestamp('2025-01-12 00:00:00'), Timestamp('2025-01-17 00:00:00'), Timestamp('2025-01-27 00:00:00')]","[2, 33, 25, 1, 3, 5]"
Taste - Sabrina Carpenter,Taste,Sabrina Carpenter,3,2025-08-28,2025-09-29,25,"[Timestamp('2025-09-16 00:00:00'), Timestamp('2025-09-21 00:00:00'), Timestamp('2025-09-25 00:00:00')]","[Timestamp('2025-09-20 00:00:00'), Timestamp('2025-09-25 00:00:00'), Timestamp('2025-09-28 00:00:00')]","[3, 3, 2]"
Teddy Bear - STAYC,Teddy Bear,STAYC,4,2024-05-18,2024-06-05,13,"[Timestamp('2024-05-18 00:00:00'), Timestamp('2024-05-27 00:00:00'), Timestamp('2024-05-29 00:00:00'), Timestamp('2024-06-02 00:00:00')]","[Timestamp('2024-05-21 00:00:00'), Timestamp('2024-05-29 00:00:00'), Timestamp('2024-05-31 00:00:00'), Timestamp('2024-06-05 00:00:00')]","[2, 1, 1, 2]"
That's What I Like - Bruno Mars,That's What I Like,Bruno Mars,1,2024-06-19,2025-11-12,5,[Timestamp('2024-06-21 00:00:00')],[Timestamp('2025-11-11 00:00:00')],[507]
The Astronaut - Jin,The Astronaut,Jin,0,2025-10-27,2025-11-01,6,[],[],[]
The First Snow - EXO,The First Snow,EXO,0,2024-12-17,2024-12-31,15,[],[],[]
The Planet - BTS,The Planet,BTS,3,2024-05-18,2024-07-16,41,"[Timestamp('2024-06-20 00:00:00'), Timestamp('2024-06-24 00:00:00'), Timestamp('2024-07-04 00:00:00')]","[Timestamp('2024-06-22 00:00:00'), Timestamp('2024-07-02 00:00:00'), Timestamp('2024-07-16 00:00:00')]","[1, 7, 11]"
The Tortured Poets Department - Taylor Swift,The Tortured Poets Department,Taylor Swift,0,2025-04-21,2025-04-23,3,[],[],[]
Thirsty - aespa,Thirsty,aespa,1,2024-05-18,2024-07-04,47,[Timestamp('2024-07-02 00:00:00')],[Timestamp('2024-07-04 00:00:00')],[1]
Tick-Tack - ILLIT,Tick-Tack,ILLIT,1,2025-11-24,2025-11-27,2,[Timestamp('2025-11-24 00:00:00')],[Timestamp('2025-11-27 00:00:00')],[2]
Time of Our Life -Japanese ver.- - Japanese ver. - DAY6,Time of Our Life -Japanese ver.- - Japanese ver.,DAY6,9,2025-03-26,2025-11-27,102,"[Timestamp('2025-03-29 00:00:00'), Timestamp('2025-04-04 00:00:00'), Timestamp('2025-04-20 00:00:00'), Timestamp('2025-04-23 00:00:00'), Timestamp('2025-04-26 00:00:00'), Timestamp('2025-06-03 00:00:00'), Timestamp('2025-08-14 00:00:00'), Timestamp('2025-10-04 00:00:00'), Timestamp('2025-10-06 00:00:00')]","[Timestamp('2025-04-01 00:00:00'), Timestamp('2025-04-14 00:00:00'), Timestamp('2025-04-23 00:00:00'), Timestamp('2025-04-25 00:00:00'), Timestamp('2025-06-03 00:00:00'), Timestamp('2025-08-14 00:00:00'), Timestamp('2025-09-05 00:00:00'), Timestamp('2025-10-06 00:00:00'), Timestamp('2025-10-08 00:00:00')]","[2, 9, 2, 1, 37, 71, 21, 1, 1]"
Timeless (with Playboi Carti) - The Weeknd & Playboi Carti,Timeless (with Playboi Carti),The Weeknd & Playboi Carti,0,2025-09-29,2025-10-10,12,[],[],[]
To. X - TAEYEON,To. X,TAEYEON,3,2024-11-28,2025-05-07,155,"[Timestamp('2025-03-13 00:00:00'), Timestamp('2025-03-24 00:00:00'), Timestamp('2025-04-30 00:00:00')]","[Timestamp('2025-03-15 00:00:00'), Timestamp('2025-03-26 00:00:00'), Timestamp('2025-05-05 00:00:00')]","[1, 1, 4]"
Too Sad to Dance - Jung Kook,Too Sad to Dance,Jung Kook,9,2024-11-04,2025-03-23,43,"[Timestamp('2024-12-02 00:00:00'), Timestamp('2024-12-04 00:00:00'), Timestamp('2024-12-12 00:00:00'), Timestamp('2024-12-14 00:00:00'), Timestamp('2024-12-16 00:00:00'), Timestamp('2024-12-23 00:00:00'), Timestamp('2025-03-01 00:00:00'), Timestamp('2025-03-17 00:00:00'), Timestamp('2025-03-19 00:00:00')]","[Timestamp('2024-12-04 00:00:00'), Timestamp('2024-12-09 00:00:00'), Timestamp('2024-12-14 00:00:00'), Timestamp('2024-12-16 00:00:00'), Timestamp('2024-12-23 00:00:00'), Timestamp('2025-03-01 00:00:00'), Timestamp('2025-03-17 00:00:00'), Timestamp('2025-03-19 00:00:00'), Timestamp('2025-03-21 00:00:00')]","[1, 4, 1, 1, 6, 67, 15, 1, 1]"
Touch - KATSEYE,Touch,KATSEYE,2,2025-08-26,2025-11-15,78,"[Timestamp('2025-09-03 00:00:00'), Timestamp('2025-11-11 00:00:00')]","[Timestamp('2025-09-05 00:00:00'), Timestamp('2025-11-15 00:00:00')]","[1, 3]"
Travel Again (Feat. Cautious Clay) - Beenzino,Travel Again (Feat. Cautious Clay),Beenzino,0,2024-07-05,2024-07-14,10,[],[],[]
Trippy (Feat. Lance Skiiiwalker) - Beenzino,Trippy (Feat. Lance Skiiiwalker),Beenzino,0,2024-07-05,2024-07-06,2,[],[],[]
Trust in me - Lim Young Woong,Trust in me,Lim Young Woong,1,2024-11-13,2024-12-08,25,[Timestamp('2024-11-27 00:00:00')],[Timestamp('2024-11-29 00:00:00')],[1]
UNFORGIVEN (feat. Nile Rodgers) - LE SSERAFIM,UNFORGIVEN (feat. Nile Rodgers),LE SSERAFIM,0,2024-05-18,2024-08-28,103,[],[],[]
UP - KARINA Solo - aespa,UP - KARINA Solo,aespa,0,2025-10-11,2025-11-27,48,[],[],[]
Underneath the Tree - Kelly Clarkson,Underneath the Tree,Kelly Clarkson,0,2024-12-24,2024-12-27,4,[],[],[]
V (Peace) (feat. AKMU) - Zion.T,V (Peace) (feat. AKMU),Zion.T,0,2024-12-13,2024-12-16,4,[],[],[]
VIBE (feat. Jimin of BTS) - TAEYANG,VIBE (feat. Jimin of BTS),TAEYANG,7,2024-05-18,2024-11-11,69,"[Timestamp('2024-05-22 00:00:00'), Timestamp('2024-06-04 00:00:00'), Timestamp('2024-07-15 00:00:00'), Timestamp('2024-07-20 00:00:00'), Timestamp('2024-10-26 00:00:00'), Timestamp('2024-10-29 00:00:00'), Timestamp('2024-11-02 00:00:00')]","[Timestamp('2024-05-24 00:00:00'), Timestamp('2024-06-06 00:00:00'), Timestamp('2024-07-20 00:00:00'), Timestamp('2024-10-26 00:00:00'), Timestamp('2024-10-29 00:00:00'), Timestamp('2024-11-02 00:00:00'), Timestamp('2024-11-04 00:00:00')]","[1, 1, 4, 97, 2, 3, 1]"
Vancouver - BIG Naughty,Vancouver,BIG Naughty,2,2024-06-05,2024-09-22,9,"[Timestamp('2024-06-10 00:00:00'), Timestamp('2024-06-13 00:00:00')]","[Timestamp('2024-06-12 00:00:00'), Timestamp('2024-09-22 00:00:00')]","[1, 100]"
Vancouver 2 - BIG Naughty,Vancouver 2,BIG Naughty,0,2024-09-20,2024-10-06,17,[],[],[]
WAY 4 LUV - PLAVE,WAY 4 LUV,PLAVE,1,2025-08-23,2025-10-27,12,[Timestamp('2025-08-31 00:00:00')],[Timestamp('2025-10-25 00:00:00')],[54]
Walk - NCT 127,Walk,NCT 127,0,2025-07-17,2025-07-26,10,[],[],[]
Warmth - Lim Young Woong,Warmth,Lim Young Woong,4,2025-05-08,2025-11-24,195,"[Timestamp('2025-07-10 00:00:00'), Timestamp('2025-08-12 00:00:00'), Timestamp('2025-10-26 00:00:00'), Timestamp('2025-10-29 00:00:00')]","[Timestamp('2025-07-12 00:00:00'), Timestamp('2025-08-14 00:00:00'), Timestamp('2025-10-29 00:00:00'), Timestamp('2025-11-01 00:00:00')]","[1, 1, 2, 2]"
Water - Tyla,Water,Tyla,0,2024-10-24,2024-10-25,2,[],[],[]
We got so much - LE SSERAFIM,We got so much,LE SSERAFIM,0,2025-02-21,2025-02-24,4,[],[],[]
Welcome To MY World (feat. nævis) - aespa,Welcome To MY World (feat. nævis),aespa,0,2024-05-18,2024-05-25,8,[],[],[]
Welcome to the Show - DAY6,Welcome to the Show,DAY6,6,2025-03-20,2025-11-26,97,"[Timestamp('2025-03-24 00:00:00'), Timestamp('2025-03-31 00:00:00'), Timestamp('2025-04-04 00:00:00'), Timestamp('2025-04-16 00:00:00'), Timestamp('2025-04-19 00:00:00'), Timestamp('2025-11-19 00:00:00')]","[Timestamp('2025-03-26 00:00:00'), Timestamp('2025-04-02 00:00:00'), Timestamp('2025-04-16 00:00:00'), Timestamp('2025-04-18 00:00:00'), Timestamp('2025-09-07 00:00:00'), Timestamp('2025-11-21 00:00:00')]","[1, 1, 11, 1, 140, 1]"
Well…? - YANGHONGWON,Well…?,YANGHONGWON,0,2025-05-26,2025-05-28,3,[],[],[]
Whiplash - aespa,Whiplash,aespa,0,2025-10-23,2025-11-27,36,[],[],[]
Who (Acoustic Remix) - Jimin,Who (Acoustic Remix),Jimin,5,2025-07-25,2025-11-27,97,"[Timestamp('2025-08-12 00:00:00'), Timestamp('2025-08-24 00:00:00'), Timestamp('2025-08-28 00:00:00'), Timestamp('2025-09-28 00:00:00'), Timestamp('2025-11-04 00:00:00')]","[Timestamp('2025-08-14 00:00:00'), Timestamp('2025-08-28 00:00:00'), Timestamp('2025-09-21 00:00:00'), Timestamp('2025-09-30 00:00:00'), Timestamp('2025-11-06 00:00:00')]","[1, 3, 23, 1, 1]"
Who (Beautiful Mind Remix) - Jimin,Who (Beautiful Mind Remix),Jimin,12,2025-07-25,2025-11-27,78,"[Timestamp('2025-08-03 00:00:00'), Timestamp('2025-08-12 00:00:00'), Timestamp('2025-08-17 00:00:00'), Timestamp('2025-08-21 00:00:00'), Timestamp('2025-08-23 00:00:00'), Timestamp('2025-09-24 00:00:00'), Timestamp('2025-09-28 00:00:00'), Timestamp('2025-10-17 00:00:00'), Timestamp('2025-10-25 00:00:00'), Timestamp('2025-11-01 00:00:00'), Timestamp('2025-11-04 00:00:00'), Timestamp('2025-11-16 00:00:00')]","[Timestamp('2025-08-05 00:00:00'), Timestamp('2025-08-17 00:00:00'), Timestamp('2025-08-20 00:00:00'), Timestamp('2025-08-23 00:00:00'), Timestamp('2025-09-22 00:00:00'), Timestamp('2025-09-27 00:00:00'), Timestamp('2025-09-30 00:00:00'), Timestamp('2025-10-19 00:00:00'), Timestamp('2025-10-27 00:00:00'), Timestamp('2025-11-04 00:00:00'), Timestamp('2025-11-06 00:00:00'), Timestamp('2025-11-20 00:00:00')]","[1, 4, 2, 1, 29, 2, 1, 1, 1, 2, 1, 3]"
Who (Funky Remix) - Jimin,Who (Funky Remix),Jimin,12,2025-07-25,2025-11-27,82,"[Timestamp('2025-08-12 00:00:00'), Timestamp('2025-08-14 00:00:00'), Timestamp('2025-08-17 00:00:00'), Timestamp('2025-08-24 00:00:00'), Timestamp('2025-09-24 00:00:00'), Timestamp('2025-09-28 00:00:00'), Timestamp('2025-10-14 00:00:00'), Timestamp('2025-10-17 00:00:00'), Timestamp('2025-10-25 00:00:00'), Timestamp('2025-11-01 00:00:00'), Timestamp('2025-11-04 00:00:00'), Timestamp('2025-11-17 00:00:00')]","[Timestamp('2025-08-14 00:00:00'), Timestamp('2025-08-17 00:00:00'), Timestamp('2025-08-20 00:00:00'), Timestamp('2025-09-22 00:00:00'), Timestamp('2025-09-27 00:00:00'), Timestamp('2025-10-01 00:00:00'), Timestamp('2025-10-16 00:00:00'), Timestamp('2025-10-19 00:00:00'), Timestamp('2025-10-27 00:00:00'), Timestamp('2025-11-03 00:00:00'), Timestamp('2025-11-06 00:00:00'), Timestamp('2025-11-20 00:00:00')]","[1, 2, 2, 28, 2, 2, 1, 1, 1, 1, 1, 2]"
Who (Instrumental) - Jimin,Who (Instrumental),Jimin,9,2025-07-25,2025-11-27,90,"[Timestamp('2025-08-12 00:00:00'), Timestamp('2025-08-21 00:00:00'), Timestamp('2025-08-24 00:00:00'), Timestamp('2025-09-24 00:00:00'), Timestamp('2025-09-28 00:00:00'), Timestamp('2025-11-02 00:00:00'), Timestamp('2025-11-04 00:00:00'), Timestamp('2025-11-16 00:00:00'), Timestamp('2025-11-18 00:00:00')]","[Timestamp('2025-08-14 00:00:00'), Timestamp('2025-08-23 00:00:00'), Timestamp('2025-09-22 00:00:00'), Timestamp('2025-09-26 00:00:00'), Timestamp('2025-09-30 00:00:00'), Timestamp('2025-11-04 00:00:00'), Timestamp('2025-11-06 00:00:00'), Timestamp('2025-11-18 00:00:00'), Timestamp('2025-11-20 00:00:00')]","[1, 1, 28, 1, 1, 1, 1, 1, 1]"
Who (Rock Remix) - Jimin,Who (Rock Remix),Jimin,5,2025-07-25,2025-11-27,101,"[Timestamp('2025-08-12 00:00:00'), Timestamp('2025-08-24 00:00:00'), Timestamp('2025-08-30 00:00:00'), Timestamp('2025-09-13 00:00:00'), Timestamp('2025-11-04 00:00:00')]","[Timestamp('2025-08-14 00:00:00'), Timestamp('2025-08-28 00:00:00'), Timestamp('2025-09-13 00:00:00'), Timestamp('2025-09-21 00:00:00'), Timestamp('2025-11-06 00:00:00')]","[1, 3, 13, 7, 1]"
Who (Shibuyakei Remix) - Jimin,Who (Shibuyakei Remix),Jimin,8,2025-07-25,2025-11-27,89,"[Timestamp('2025-08-12 00:00:00'), Timestamp('2025-08-23 00:00:00'), Timestamp('2025-09-24 00:00:00'), Timestamp('2025-09-28 00:00:00'), Timestamp('2025-10-17 00:00:00'), Timestamp('2025-11-02 00:00:00'), Timestamp('2025-11-04 00:00:00'), Timestamp('2025-11-18 00:00:00')]","[Timestamp('2025-08-14 00:00:00'), Timestamp('2025-09-22 00:00:00'), Timestamp('2025-09-27 00:00:00'), Timestamp('2025-09-30 00:00:00'), Timestamp('2025-10-19 00:00:00'), Timestamp('2025-11-04 00:00:00'), Timestamp('2025-11-06 00:00:00'), Timestamp('2025-11-20 00:00:00')]","[1, 29, 2, 1, 1, 1, 1, 1]"
Who - Jimin,Who,Jimin,1,2025-07-21,2025-11-27,129,[Timestamp('2025-08-12 00:00:00')],[Timestamp('2025-08-14 00:00:00')],[1]
Why? - PLAVE,Why?,PLAVE,1,2025-08-26,2025-09-03,5,[Timestamp('2025-08-28 00:00:00')],[Timestamp('2025-09-02 00:00:00')],[4]
Wife - (G)I-DLE,Wife,(G)I-DLE,0,2025-01-24,2025-03-01,37,[],[],[]
Winter Bear - V,Winter Bear,V,0,2024-08-29,2024-09-09,12,[],[],[]
With you - Jimin & HA SUNG WOON,With you,Jimin & HA SUNG WOON,4,2024-05-20,2025-01-23,22,"[Timestamp('2024-05-20 00:00:00'), Timestamp('2024-06-24 00:00:00'), Timestamp('2024-06-28 00:00:00'), Timestamp('2024-07-06 00:00:00')]","[Timestamp('2024-06-08 00:00:00'), Timestamp('2024-06-28 00:00:00'), Timestamp('2024-07-05 00:00:00'), Timestamp('2025-01-23 00:00:00')]","[18, 3, 6, 200]"
XO (Only If You Say Yes) - ENHYPEN,XO (Only If You Say Yes),ENHYPEN,0,2025-07-14,2025-07-18,5,[],[],[]
"Yes or No (Feat. HUH YUNJIN of LE SSERAFIM, Crush) - GroovyRoom","Yes or No (Feat. HUH YUNJIN of LE SSERAFIM, Crush)",GroovyRoom,0,2025-01-19,2025-01-31,13,[],[],[]
"Yes or No (Feat. 허윤진 of LE SSERAFIM, Crush) - GroovyRoom & HUH YUNJIN","Yes or No (Feat. 허윤진 of LE SSERAFIM, Crush)",GroovyRoom & HUH YUNJIN,2,2025-02-01,2025-03-27,53,"[Timestamp('2025-03-13 00:00:00'), Timestamp('2025-03-24 00:00:00')]","[Timestamp('2025-03-15 00:00:00'), Timestamp('2025-03-26 00:00:00')]","[1, 1]"
Yes or No - Jung Kook,Yes or No,Jung Kook,3,2024-11-04,2025-05-08,180,"[Timestamp('2025-03-13 00:00:00'), Timestamp('2025-03-24 00:00:00'), Timestamp('2025-05-01 00:00:00')]","[Timestamp('2025-03-15 00:00:00'), Timestamp('2025-03-26 00:00:00'), Timestamp('2025-05-06 00:00:00')]","[1, 1, 4]"
You & Me (Coachella ver.) - JENNIE,You & Me (Coachella ver.),JENNIE,1,2024-10-07,2024-10-11,3,[Timestamp('2024-10-07 00:00:00')],[Timestamp('2024-10-10 00:00:00')],[2]
You & Me - JENNIE,You & Me,JENNIE,6,2024-10-08,2025-01-13,63,"[Timestamp('2024-11-19 00:00:00'), Timestamp('2024-11-27 00:00:00'), Timestamp('2024-12-15 00:00:00'), Timestamp('2025-01-02 00:00:00'), Timestamp('2025-01-04 00:00:00'), Timestamp('2025-01-08 00:00:00')]","[Timestamp('2024-11-21 00:00:00'), Timestamp('2024-12-15 00:00:00'), Timestamp('2024-12-28 00:00:00'), Timestamp('2025-01-04 00:00:00'), Timestamp('2025-01-06 00:00:00'), Timestamp('2025-01-12 00:00:00')]","[1, 17, 12, 1, 1, 3]"
You Were Beautiful - DAY6,You Were Beautiful,DAY6,13,2025-03-26,2025-11-26,60,"[Timestamp('2025-03-26 00:00:00'), Timestamp('2025-04-17 00:00:00'), Timestamp('2025-04-20 00:00:00'), Timestamp('2025-10-04 00:00:00'), Timestamp('2025-10-06 00:00:00'), Timestamp('2025-10-08 00:00:00'), Timestamp('2025-10-19 00:00:00'), Timestamp('2025-10-23 00:00:00'), Timestamp('2025-10-26 00:00:00'), Timestamp('2025-10-29 00:00:00'), Timestamp('2025-11-05 00:00:00'), Timestamp('2025-11-20 00:00:00'), Timestamp('2025-11-23 00:00:00')]","[Timestamp('2025-04-14 00:00:00'), Timestamp('2025-04-19 00:00:00'), Timestamp('2025-09-16 00:00:00'), Timestamp('2025-10-06 00:00:00'), Timestamp('2025-10-08 00:00:00'), Timestamp('2025-10-14 00:00:00'), Timestamp('2025-10-21 00:00:00'), Timestamp('2025-10-26 00:00:00'), Timestamp('2025-10-28 00:00:00'), Timestamp('2025-11-02 00:00:00'), Timestamp('2025-11-07 00:00:00'), Timestamp('2025-11-23 00:00:00'), Timestamp('2025-11-26 00:00:00')]","[18, 1, 148, 1, 1, 5, 1, 2, 1, 3, 1, 2, 2]"
Young Man - HYUKOH & 落日飛車 Sunset Rollercoaster,Young Man,HYUKOH & 落日飛車 Sunset Rollercoaster,1,2025-07-05,2025-07-14,9,[Timestamp('2025-07-10 00:00:00')],[Timestamp('2025-07-12 00:00:00')],[1]
bye - Ariana Grande,bye,Ariana Grande,1,2025-03-10,2025-03-15,5,[Timestamp('2025-03-13 00:00:00')],[Timestamp('2025-03-15 00:00:00')],[1]
double take - Dhruv,double take,Dhruv,6,2025-09-22,2025-11-08,31,"[Timestamp('2025-09-22 00:00:00'), Timestamp('2025-09-26 00:00:00'), Timestamp('2025-10-01 00:00:00'), Timestamp('2025-10-09 00:00:00'), Timestamp('2025-10-22 00:00:00'), Timestamp('2025-10-29 00:00:00')]","[Timestamp('2025-09-25 00:00:00'), Timestamp('2025-09-30 00:00:00'), Timestamp('2025-10-03 00:00:00'), Timestamp('2025-10-19 00:00:00'), Timestamp('2025-10-24 00:00:00'), Timestamp('2025-10-31 00:00:00')]","[2, 3, 1, 9, 1, 1]"
eternal sunshine - Ariana Grande,eternal sunshine,Ariana Grande,0,2025-03-10,2025-03-13,4,[],[],[]
euphoria - Kendrick Lamar,euphoria,Kendrick Lamar,1,2025-05-03,2025-05-06,3,[Timestamp('2025-05-04 00:00:00')],[Timestamp('2025-05-06 00:00:00')],[1]
greedy - Tate McRae,greedy,Tate McRae,1,2024-10-04,2024-10-13,9,[Timestamp('2024-10-08 00:00:00')],[Timestamp('2024-10-10 00:00:00')],[1]
i like the way you kiss me - Artemas,i like the way you kiss me,Artemas,0,2025-04-17,2025-04-18,2,[],[],[]
i wonder... (with Jung Kook of BTS) - j-hope,i wonder... (with Jung Kook of BTS),j-hope,0,2025-03-31,2025-04-13,14,[],[],[]
luther (with sza) - Kendrick Lamar,luther (with sza),Kendrick Lamar,0,2025-11-25,2025-11-27,3,[],[],[]
number one girl - ROSÉ,number one girl,ROSÉ,0,2025-11-24,2025-11-27,4,[],[],[]
plot twist - TWS,plot twist,TWS,4,2025-01-28,2025-06-17,131,"[Timestamp('2025-03-13 00:00:00'), Timestamp('2025-03-24 00:00:00'), Timestamp('2025-05-25 00:00:00'), Timestamp('2025-06-15 00:00:00')]","[Timestamp('2025-03-15 00:00:00'), Timestamp('2025-03-26 00:00:00'), Timestamp('2025-06-02 00:00:00'), Timestamp('2025-06-17 00:00:00')]","[1, 1, 7, 1]"
squabble up - Kendrick Lamar,squabble up,Kendrick Lamar,0,2025-11-25,2025-11-27,3,[],[],[]
vampire - Olivia Rodrigo,vampire,Olivia Rodrigo,2,2024-07-02,2024-08-12,38,"[Timestamp('2024-07-22 00:00:00'), Timestamp('2024-07-28 00:00:00')]","[Timestamp('2024-07-25 00:00:00'), Timestamp('2024-07-31 00:00:00')]","[2, 2]"
we can't be friends (wait for your love) - Ariana Grande,we can't be friends (wait for your love),Ariana Grande,3,2025-03-11,2025-05-11,59,"[Timestamp('2025-03-13 00:00:00'), Timestamp('2025-03-24 00:00:00'), Timestamp('2025-05-06 00:00:00')]","[Timestamp('2025-03-15 00:00:00'), Timestamp('2025-03-26 00:00:00'), Timestamp('2025-05-08 00:00:00')]","[1, 1, 1]"
wherever u r (ft. V of BTS) - UMI & V,wherever u r (ft. V of BTS),UMI & V,2,2024-12-31,2025-03-16,70,"[Timestamp('2025-03-07 00:00:00'), Timestamp('2025-03-10 00:00:00')]","[Timestamp('2025-03-09 00:00:00'), Timestamp('2025-03-16 00:00:00')]","[1, 5]"
"yes, and? - Ariana Grande","yes, and?",Ariana Grande,3,2025-01-14,2025-03-19,43,"[Timestamp('2025-02-12 00:00:00'), Timestamp('2025-02-18 00:00:00'), Timestamp('2025-03-13 00:00:00')]","[Timestamp('2025-02-15 00:00:00'), Timestamp('2025-03-10 00:00:00'), Timestamp('2025-03-15 00:00:00')]","[2, 19, 1]"
アイドル - YOASOBI,アイドル,YOASOBI,3,2024-05-18,2024-10-06,118,"[Timestamp('2024-08-31 00:00:00'), Timestamp('2024-09-03 00:00:00'), Timestamp('2024-10-01 00:00:00')]","[Timestamp('2024-09-03 00:00:00'), Timestamp('2024-09-22 00:00:00'), Timestamp('2024-10-06 00:00:00')]","[2, 18, 4]"
地球儀 - Spinning Globe - Kenshi Yonezu,地球儀 - Spinning Globe,Kenshi Yonezu,0,2024-10-30,2024-10-31,2,[],[],[]
愛を伝えたいだとか - Aimyon,愛を伝えたいだとか,Aimyon,0,2024-05-18,2024-06-20,34,[],[],[]
踊り子 - Vaundy,踊り子,Vaundy,3,2025-06-30,2025-09-26,85,"[Timestamp('2025-07-10 00:00:00'), Timestamp('2025-08-12 00:00:00'), Timestamp('2025-09-22 00:00:00')]","[Timestamp('2025-07-12 00:00:00'), Timestamp('2025-08-14 00:00:00'), Timestamp('2025-09-25 00:00:00')]","[1, 1, 2]"
青い珊瑚礁 - Seiko Matsuda,青い珊瑚礁,Seiko Matsuda,0,2025-06-30,2025-07-10,11,[],[],[]
녹아내려요 Melt Down - DAY6,녹아내려요 Melt Down,DAY6,1,2025-10-05,2025-10-07,2,[Timestamp('2025-10-05 00:00:00')],[Timestamp('2025-10-07 00:00:00')],[1]
"무제(無題) (Untitled, 2014) - G-DRAGON","무제(無題) (Untitled, 2014)",G-DRAGON,1,2025-11-05,2025-11-27,2,[Timestamp('2025-11-05 00:00:00')],[Timestamp('2025-11-27 00:00:00')],[21]
예뻤어 - DAY6,예뻤어,DAY6,1,2025-10-05,2025-10-07,2,[Timestamp('2025-10-05 00:00:00')],[Timestamp('2025-10-07 00:00:00')],[1]
한 페이지가 될 수 있게 - DAY6,한 페이지가 될 수 있게,DAY6,1,2025-10-05,2025-10-07,2,[Timestamp('2025-10-05 00:00:00')],[Timestamp('2025-10-07 00:00:00')],[1]
