song_id,song,artist,reentry_date,previous_chart_date,previous_position,comeback_position,rank_jump,previous_popularity,comeback_popularity,popularity_change,peak_rank_after_comeback,rank_recovery,retention_days,momentum_score,retention_category,album_type,total_tracks,duration_min,is_explicit,content_type
3D (Justin Timberlake Remix) - Jung Kook & Justin Timberlake,3D (Justin Timberlake Remix),Jung Kook & Justin Timberlake,2024-12-03,2024-11-27,28,38,-10,71,75,4,36,0,3,1.6,Short (1–3 days),single,1,2.682366666666667,False,Clean
3D (feat. Jack Harlow) (Instrumental) - Jung Kook & Jack Harlow,3D (feat. Jack Harlow) (Instrumental),Jung Kook & Jack Harlow,2024-10-09,2024-10-05,28,50,-22,55,60,5,38,0,5,2.0,Medium (4–7 days),single,3,3.325833333333333,False,Clean
3D (feat. Jack Harlow) - Jung Kook,3D (feat. Jack Harlow),Jung Kook,2025-03-15,2025-03-13,5,6,-1,83,83,0,4,1,10,0.6,Strong (8–14 days),album,7,3.3635333333333333,True,Explicit
3D (feat. Jack Harlow) - Jung Kook,3D (feat. Jack Harlow),Jung Kook,2025-03-26,2025-03-24,4,5,-1,82,82,0,4,0,107,0.0,Long (15+ days),album,7,3.3635333333333333,True,Explicit
3D (feat. Jack Harlow) - Jung Kook,3D (feat. Jack Harlow),Jung Kook,2025-07-12,2025-07-10,11,10,1,78,78,0,4,7,32,4.2,Long (15+ days),album,7,3.3635333333333333,True,Explicit
3D (feat. Jack Harlow) - Jung Kook,3D (feat. Jack Harlow),Jung Kook,2025-08-14,2025-08-12,5,5,0,79,79,0,4,1,106,0.6,Long (15+ days),album,7,3.3635333333333333,True,Explicit
A Psalm of Life - Lim Young Woong,A Psalm of Life,Lim Young Woong,2024-10-16,2024-06-06,50,50,0,56,57,1,25,25,1,15.4,Short (1–3 days),album,12,3.8893333333333335,False,Clean
A Psalm of Life - Lim Young Woong,A Psalm of Life,Lim Young Woong,2024-10-19,2024-10-16,50,49,1,57,57,0,25,25,1,15.0,Short (1–3 days),album,12,3.8893333333333335,False,Clean
A Psalm of Life - Lim Young Woong,A Psalm of Life,Lim Young Woong,2024-10-21,2024-10-19,49,45,4,57,57,0,25,24,112,14.399999999999999,Long (15+ days),album,12,3.8893333333333335,False,Clean
A Psalm of Life - Lim Young Woong,A Psalm of Life,Lim Young Woong,2025-02-11,2025-02-09,45,49,-4,59,58,-1,45,0,2,0.0,Short (1–3 days),album,12,3.8893333333333335,False,Clean
A Psalm of Life - Lim Young Woong,A Psalm of Life,Lim Young Woong,2025-02-19,2025-02-12,50,45,5,58,58,0,45,5,2,3.0,Short (1–3 days),album,12,3.8893333333333335,False,Clean
A Psalm of Life - Lim Young Woong,A Psalm of Life,Lim Young Woong,2025-02-26,2025-02-20,45,46,-1,58,58,0,46,0,2,0.0,Short (1–3 days),album,12,3.8893333333333335,False,Clean
A bientot - Lim Young Woong,A bientot,Lim Young Woong,2024-06-09,2024-06-07,41,44,-3,58,58,0,18,23,12,13.799999999999999,Strong (8–14 days),album,12,4.272866666666666,False,Clean
A bientot - Lim Young Woong,A bientot,Lim Young Woong,2024-06-22,2024-06-20,48,46,2,58,58,0,18,30,13,18.0,Strong (8–14 days),album,12,4.272866666666666,False,Clean
A bientot - Lim Young Woong,A bientot,Lim Young Woong,2024-07-11,2024-07-04,47,47,0,58,59,1,18,29,1,17.799999999999997,Short (1–3 days),album,12,4.272866666666666,False,Clean
A bientot - Lim Young Woong,A bientot,Lim Young Woong,2024-07-13,2024-07-11,47,50,-3,59,59,0,18,29,1,17.4,Short (1–3 days),album,12,4.272866666666666,False,Clean
A bientot - Lim Young Woong,A bientot,Lim Young Woong,2024-07-17,2024-07-13,50,50,0,59,59,0,18,32,2,19.2,Short (1–3 days),album,12,4.272866666666666,False,Clean
A bientot - Lim Young Woong,A bientot,Lim Young Woong,2024-07-23,2024-07-18,50,50,0,59,58,-1,18,32,3,19.2,Short (1–3 days),album,12,4.272866666666666,False,Clean
A bientot - Lim Young Woong,A bientot,Lim Young Woong,2024-08-04,2024-07-25,46,50,-4,58,57,-1,18,28,1,16.8,Short (1–3 days),album,12,4.272866666666666,False,Clean
A bientot - Lim Young Woong,A bientot,Lim Young Woong,2024-08-06,2024-08-04,50,49,1,57,57,0,18,32,7,19.2,Medium (4–7 days),album,12,4.272866666666666,False,Clean
A bientot - Lim Young Woong,A bientot,Lim Young Woong,2024-08-28,2024-08-12,44,49,-5,57,57,0,18,26,1,15.6,Short (1–3 days),album,12,4.272866666666666,False,Clean
A bientot - Lim Young Woong,A bientot,Lim Young Woong,2024-09-03,2024-08-28,49,50,-1,57,57,0,18,31,2,18.599999999999998,Short (1–3 days),album,12,4.272866666666666,False,Clean
A bientot - Lim Young Woong,A bientot,Lim Young Woong,2024-09-10,2024-09-04,46,44,2,57,57,0,18,28,5,16.8,Medium (4–7 days),album,12,4.272866666666666,False,Clean
A bientot - Lim Young Woong,A bientot,Lim Young Woong,2024-09-19,2024-09-14,48,50,-2,58,57,-1,18,30,3,18.0,Short (1–3 days),album,12,4.272866666666666,False,Clean
A bientot - Lim Young Woong,A bientot,Lim Young Woong,2024-09-23,2024-09-21,50,49,1,57,57,0,18,32,5,19.2,Medium (4–7 days),album,12,4.272866666666666,False,Clean
A bientot - Lim Young Woong,A bientot,Lim Young Woong,2024-09-30,2024-09-27,48,50,-2,57,57,0,18,30,6,18.0,Medium (4–7 days),album,12,4.272866666666666,False,Clean
A bientot - Lim Young Woong,A bientot,Lim Young Woong,2024-10-09,2024-10-05,47,48,-1,57,57,0,18,29,1,17.4,Short (1–3 days),album,12,4.272866666666666,False,Clean
A bientot - Lim Young Woong,A bientot,Lim Young Woong,2024-10-13,2024-10-09,48,45,3,57,57,0,18,30,153,18.0,Long (15+ days),album,12,4.272866666666666,False,Clean
A bientot - Lim Young Woong,A bientot,Lim Young Woong,2025-03-15,2025-03-13,39,38,1,58,57,-1,38,1,10,0.6,Strong (8–14 days),album,12,4.272866666666666,False,Clean
A bientot - Lim Young Woong,A bientot,Lim Young Woong,2025-03-26,2025-03-24,40,38,2,57,56,-1,38,2,9,1.2,Strong (8–14 days),album,12,4.272866666666666,False,Clean
A bientot - Lim Young Woong,A bientot,Lim Young Woong,2025-04-05,2025-04-03,47,46,1,56,56,0,40,7,13,4.2,Strong (8–14 days),album,12,4.272866666666666,False,Clean
A bientot - Lim Young Woong,A bientot,Lim Young Woong,2025-04-19,2025-04-17,40,43,-3,56,56,0,43,0,4,0.0,Medium (4–7 days),album,12,4.272866666666666,False,Clean
A bientot - Lim Young Woong,A bientot,Lim Young Woong,2025-04-24,2025-04-22,49,49,0,57,56,-1,43,6,3,3.5999999999999996,Short (1–3 days),album,12,4.272866666666666,False,Clean
A bientot - Lim Young Woong,A bientot,Lim Young Woong,2025-05-07,2025-04-26,48,43,5,56,55,-1,43,5,1,3.0,Short (1–3 days),album,12,4.272866666666666,False,Clean
A bientot - Lim Young Woong,A bientot,Lim Young Woong,2025-06-24,2025-05-07,43,45,-2,55,51,-4,45,0,2,0.0,Short (1–3 days),album,12,4.272866666666666,False,Clean
A bientot - Lim Young Woong,A bientot,Lim Young Woong,2025-07-18,2025-06-25,45,48,-3,51,55,4,48,0,3,1.6,Short (1–3 days),album,12,4.272866666666666,False,Clean
ABCD - NAYEON,ABCD,NAYEON,2025-07-12,2025-07-10,48,44,4,67,67,0,44,4,2,2.4,Short (1–3 days),album,7,2.714,False,Clean
AK47 - Men's Tear & 뷰티풀너드,AK47,Men's Tear & 뷰티풀너드,2025-03-15,2025-03-13,32,35,-3,51,52,1,34,0,10,0.4,Strong (8–14 days),single,1,2.675,False,Clean
AK47 - Men's Tear & 뷰티풀너드,AK47,Men's Tear & 뷰티풀너드,2025-03-26,2025-03-24,43,40,3,52,52,0,40,3,2,1.7999999999999998,Short (1–3 days),single,1,2.675,False,Clean
ANTIFRAGILE - LE SSERAFIM,ANTIFRAGILE,LE SSERAFIM,2024-07-17,2024-07-04,42,49,-7,79,79,0,49,0,2,0.0,Short (1–3 days),album,13,3.0740666666666665,False,Clean
All I Want for Christmas Is You - Mariah Carey,All I Want for Christmas Is You,Mariah Carey,2024-12-17,2024-12-11,44,24,20,98,99,1,9,35,11,21.4,Strong (8–14 days),album,10,4.018433333333333,False,Clean
All Or Nothing - J Money & KingLee,All Or Nothing,J Money & KingLee,2025-01-17,2024-12-22,30,26,4,45,52,7,26,4,1,5.2,Short (1–3 days),single,1,2.858016666666667,True,Explicit
Alone - Jimin,Alone,Jimin,2025-03-15,2025-03-13,23,23,0,77,77,0,15,8,10,4.8,Strong (8–14 days),single,6,3.5208333333333335,False,Clean
Alone - Jimin,Alone,Jimin,2025-03-26,2025-03-24,21,23,-2,76,76,0,20,1,65,0.6,Long (15+ days),single,6,3.5208333333333335,False,Clean
Alone - Jimin,Alone,Jimin,2025-05-31,2025-05-29,40,45,-5,73,72,-1,26,14,1,8.4,Short (1–3 days),single,6,3.5208333333333335,False,Clean
Alone - Jimin,Alone,Jimin,2025-06-02,2025-05-31,45,44,1,72,72,0,26,19,28,11.4,Long (15+ days),single,6,3.5208333333333335,False,Clean
Alone - Jimin,Alone,Jimin,2025-07-01,2025-06-29,26,50,-24,70,71,1,43,0,1,0.4,Short (1–3 days),single,6,3.5208333333333335,False,Clean
Alone - Jimin,Alone,Jimin,2025-07-19,2025-07-01,50,43,7,71,71,0,43,7,2,4.2,Short (1–3 days),single,6,3.5208333333333335,False,Clean
"Angel Pt. 1 (feat. Jimin of BTS, JVKE & Muni Long) - Trailer Version - Fast & Furious: The Fast Saga & Jimin & BTS","Angel Pt. 1 (feat. Jimin of BTS, JVKE & Muni Long) - Trailer Version",Fast & Furious: The Fast Saga & Jimin & BTS,2024-09-14,2024-06-04,43,35,8,81,70,-11,12,31,3,18.599999999999998,Short (1–3 days),single,1,1.0464833333333334,False,Clean
"Angel Pt. 1 (feat. Jimin of BTS, JVKE & Muni Long) - Trailer Version - Fast & Furious: The Fast Saga & Jimin & BTS","Angel Pt. 1 (feat. Jimin of BTS, JVKE & Muni Long) - Trailer Version",Fast & Furious: The Fast Saga & Jimin & BTS,2024-10-27,2024-09-16,49,50,-1,70,71,1,12,37,2,22.599999999999998,Short (1–3 days),single,1,1.0464833333333334,False,Clean
"Angel Pt. 1 (feat. Jimin of BTS, JVKE & Muni Long) - Trailer Version - Fast & Furious: The Fast Saga & Jimin & BTS","Angel Pt. 1 (feat. Jimin of BTS, JVKE & Muni Long) - Trailer Version",Fast & Furious: The Fast Saga & Jimin & BTS,2024-10-31,2024-10-28,50,46,4,71,71,0,12,38,57,22.8,Long (15+ days),single,1,1.0464833333333334,False,Clean
"Angel Pt. 1 (feat. Jimin of BTS, JVKE & Muni Long) - Trailer Version - Fast & Furious: The Fast Saga & Jimin & BTS","Angel Pt. 1 (feat. Jimin of BTS, JVKE & Muni Long) - Trailer Version",Fast & Furious: The Fast Saga & Jimin & BTS,2024-12-28,2024-12-26,41,41,0,67,65,-2,41,0,7,0.0,Medium (4–7 days),single,1,1.0464833333333334,False,Clean
"Angel Pt. 2 (feat. Jimin of BTS, Charlie Puth and Muni Long) - Fast & Furious: The Fast Saga & Jimin & BTS","Angel Pt. 2 (feat. Jimin of BTS, Charlie Puth and Muni Long)",Fast & Furious: The Fast Saga & Jimin & BTS,2024-07-31,2024-07-28,46,45,1,74,74,0,42,4,20,2.4,Long (15+ days),single,2,2.9409,False,Clean
"Angel Pt. 2 (feat. Jimin of BTS, Charlie Puth and Muni Long) - Fast & Furious: The Fast Saga & Jimin & BTS","Angel Pt. 2 (feat. Jimin of BTS, Charlie Puth and Muni Long)",Fast & Furious: The Fast Saga & Jimin & BTS,2024-08-24,2024-08-19,47,50,-3,72,72,0,44,3,1,1.7999999999999998,Short (1–3 days),single,2,2.9409,False,Clean
"Angel Pt. 2 (feat. Jimin of BTS, Charlie Puth and Muni Long) - Fast & Furious: The Fast Saga & Jimin & BTS","Angel Pt. 2 (feat. Jimin of BTS, Charlie Puth and Muni Long)",Fast & Furious: The Fast Saga & Jimin & BTS,2024-11-03,2024-08-24,50,44,6,72,69,-3,44,6,2,3.5999999999999996,Short (1–3 days),single,2,2.9409,False,Clean
Armageddon - aespa,Armageddon,aespa,2025-07-12,2025-07-10,17,16,1,79,79,0,14,3,32,1.7999999999999998,Long (15+ days),album,10,3.2744333333333335,False,Clean
Armageddon - aespa,Armageddon,aespa,2025-08-14,2025-08-12,19,16,3,78,78,0,14,5,38,3.0,Long (15+ days),album,10,3.2744333333333335,False,Clean
Armageddon - aespa,Armageddon,aespa,2025-09-22,2025-09-20,28,38,-10,77,77,0,22,6,14,3.5999999999999996,Strong (8–14 days),album,10,3.2744333333333335,False,Clean
Armageddon - aespa,Armageddon,aespa,2025-10-07,2025-10-05,39,33,6,76,75,-1,22,17,44,10.2,Long (15+ days),album,10,3.2744333333333335,False,Clean
Armageddon - aespa,Armageddon,aespa,2025-11-21,2025-11-19,41,50,-9,72,72,0,38,3,7,1.7999999999999998,Medium (4–7 days),album,10,3.2744333333333335,False,Clean
Armageddon - aespa & Grimes & Flava D,Armageddon,aespa & Grimes & Flava D,2025-10-06,2025-09-21,31,36,-5,0,36,36,36,0,1,14.4,Short (1–3 days),single,6,3.2744333333333335,False,Clean
Attention - NewJeans,Attention,NewJeans,2024-07-07,2024-07-04,29,37,-8,84,85,1,26,3,55,2.1999999999999997,Long (15+ days),single,4,3.0011,False,Clean
Attention - NewJeans,Attention,NewJeans,2024-09-01,2024-08-30,48,49,-1,83,83,0,34,14,4,8.4,Medium (4–7 days),single,4,3.0011,False,Clean
Attention - NewJeans,Attention,NewJeans,2024-09-15,2024-09-04,49,48,1,83,83,0,34,15,12,9.0,Strong (8–14 days),single,4,3.0011,False,Clean
Attention - NewJeans,Attention,NewJeans,2024-09-28,2024-09-26,49,49,0,81,81,0,34,15,2,9.0,Short (1–3 days),single,4,3.0011,False,Clean
Attention - NewJeans,Attention,NewJeans,2025-04-28,2024-09-29,48,38,10,81,78,-3,34,14,14,8.4,Strong (8–14 days),single,4,3.0011,False,Clean
Attention - NewJeans,Attention,NewJeans,2025-05-14,2025-05-11,50,50,0,78,78,0,44,6,1,3.5999999999999996,Short (1–3 days),single,4,3.0011,False,Clean
Attention - NewJeans,Attention,NewJeans,2025-05-19,2025-05-14,50,48,2,78,78,0,44,6,1,3.5999999999999996,Short (1–3 days),single,4,3.0011,False,Clean
Attention - NewJeans,Attention,NewJeans,2025-06-01,2025-05-19,48,50,-2,78,77,-1,44,4,8,2.4,Strong (8–14 days),single,4,3.0011,False,Clean
Attention - NewJeans,Attention,NewJeans,2025-06-14,2025-06-08,44,48,-4,76,72,-4,48,0,4,0.0,Medium (4–7 days),single,4,3.0011,False,Clean
Attention - NewJeans,Attention,NewJeans,2025-06-28,2025-06-17,50,50,0,72,75,3,49,1,2,1.8000000000000003,Short (1–3 days),single,4,3.0011,False,Clean
BIRDS OF A FEATHER - Billie Eilish,BIRDS OF A FEATHER,Billie Eilish,2025-05-28,2025-05-26,37,41,-4,92,93,1,15,22,44,13.6,Long (15+ days),album,10,3.5062166666666665,False,Clean
BIRDS OF A FEATHER - Billie Eilish,BIRDS OF A FEATHER,Billie Eilish,2025-07-12,2025-07-10,26,28,-2,98,98,0,15,11,32,6.6,Long (15+ days),album,10,3.5062166666666665,False,Clean
BIRDS OF A FEATHER - Billie Eilish,BIRDS OF A FEATHER,Billie Eilish,2025-08-14,2025-08-12,27,18,9,99,100,1,15,12,103,7.6,Long (15+ days),album,10,3.5062166666666665,False,Clean
Baddie - IVE,Baddie,IVE,2024-12-09,2024-12-01,50,49,1,82,82,0,39,11,10,6.6,Strong (8–14 days),single,6,2.5726666666666667,False,Clean
Baddie - IVE,Baddie,IVE,2025-01-05,2024-12-18,50,50,0,82,80,-2,48,2,2,1.2,Short (1–3 days),single,6,2.5726666666666667,False,Clean
Baddie - IVE,Baddie,IVE,2025-01-22,2025-01-06,48,49,-1,80,81,1,49,0,1,0.4,Short (1–3 days),single,6,2.5726666666666667,False,Clean
Baggy Jeans - NCT,Baggy Jeans,NCT,2024-09-28,2024-09-21,46,50,-4,64,64,0,50,0,1,0.0,Short (1–3 days),album,10,3.5231,False,Clean
Bam Yang Gang - BIBI,Bam Yang Gang,BIBI,2025-03-15,2025-03-13,9,10,-1,77,77,0,10,0,10,0.0,Strong (8–14 days),single,2,2.4366166666666667,False,Clean
Bam Yang Gang - BIBI,Bam Yang Gang,BIBI,2025-03-26,2025-03-24,16,14,2,77,77,0,14,2,36,1.2,Long (15+ days),single,2,2.4366166666666667,False,Clean
Bam Yang Gang - BIBI,Bam Yang Gang,BIBI,2025-05-05,2025-04-30,45,47,-2,76,76,0,43,2,3,1.2,Short (1–3 days),single,2,2.4366166666666667,False,Clean
Be Mine - Jimin,Be Mine,Jimin,2025-08-14,2025-08-12,3,3,0,82,82,0,2,1,106,0.6,Long (15+ days),album,7,3.455783333333333,False,Clean
Beautiful Things - Benson Boone,Beautiful Things,Benson Boone,2025-02-03,2025-02-01,48,50,-2,91,92,1,20,28,1,17.2,Short (1–3 days),single,1,3.0050666666666666,False,Clean
Beautiful Things - Benson Boone,Beautiful Things,Benson Boone,2025-02-05,2025-02-03,50,46,4,92,93,1,20,30,38,18.4,Long (15+ days),single,1,3.0050666666666666,False,Clean
Beautiful Things - Benson Boone,Beautiful Things,Benson Boone,2025-03-15,2025-03-13,22,21,1,100,100,0,20,2,10,1.2,Strong (8–14 days),single,1,3.0050666666666666,False,Clean
Beautiful Things - Benson Boone,Beautiful Things,Benson Boone,2025-03-26,2025-03-24,23,22,1,100,100,0,22,1,36,0.6,Long (15+ days),single,1,3.0050666666666666,False,Clean
Better Things - aespa,Better Things,aespa,2024-09-09,2024-09-06,50,50,0,81,81,0,42,8,8,4.8,Strong (8–14 days),single,1,3.3869333333333334,False,Clean
Better Things - aespa,Better Things,aespa,2024-10-02,2024-09-16,50,50,0,81,80,-1,49,1,5,0.6,Medium (4–7 days),single,1,3.3869333333333334,False,Clean
Big Dawgs - Hanumankind & Kalmi,Big Dawgs,Hanumankind & Kalmi,2025-08-29,2025-08-27,48,48,0,92,92,0,48,0,3,0.0,Short (1–3 days),single,1,3.177766666666667,True,Explicit
Bite Me - ENHYPEN,Bite Me,ENHYPEN,2024-06-14,2024-06-10,49,47,2,88,88,0,47,2,5,1.2,Medium (4–7 days),single,6,2.6255166666666665,False,Clean
Bling-Bang-Bang-Born - Creepy Nuts,Bling-Bang-Bang-Born,Creepy Nuts,2025-02-14,2025-02-12,38,50,-12,92,92,0,40,0,7,0.0,Medium (4–7 days),single,2,2.80225,False,Clean
Bling-Bang-Bang-Born - Creepy Nuts,Bling-Bang-Bang-Born,Creepy Nuts,2025-03-13,2025-02-20,50,48,2,92,91,-1,40,10,1,6.0,Short (1–3 days),single,2,2.80225,False,Clean
Bling-Bang-Bang-Born - Creepy Nuts,Bling-Bang-Bang-Born,Creepy Nuts,2025-03-15,2025-03-13,48,45,3,91,91,0,40,8,10,4.8,Strong (8–14 days),single,2,2.80225,False,Clean
Bling-Bang-Bang-Born - Creepy Nuts,Bling-Bang-Bang-Born,Creepy Nuts,2025-03-26,2025-03-24,46,42,4,90,90,0,42,4,5,2.4,Medium (4–7 days),single,2,2.80225,False,Clean
Blue - V,Blue,V,2024-12-31,2024-11-07,46,46,0,85,80,-5,43,3,1,1.7999999999999998,Short (1–3 days),single,6,2.49755,False,Clean
Blue - V,Blue,V,2025-01-03,2024-12-31,46,43,3,80,81,1,43,3,3,2.1999999999999997,Short (1–3 days),single,6,2.49755,False,Clean
Blue - V,Blue,V,2025-01-07,2025-01-05,48,50,-2,81,82,1,48,0,3,0.4,Short (1–3 days),single,6,2.49755,False,Clean
Blue - V,Blue,V,2025-01-11,2025-01-09,49,48,1,82,82,0,48,1,1,0.6,Short (1–3 days),single,6,2.49755,False,Clean
Boom Boom Bass - RIIZE,Boom Boom Bass,RIIZE,2025-07-12,2025-07-10,27,25,2,67,68,1,25,2,32,1.6,Long (15+ days),album,8,2.54815,False,Clean
Boom Boom Bass - RIIZE,Boom Boom Bass,RIIZE,2025-08-14,2025-08-12,37,33,4,69,68,-1,29,8,36,4.8,Long (15+ days),album,8,2.54815,False,Clean
Boom Boom Bass - RIIZE,Boom Boom Bass,RIIZE,2025-09-20,2025-09-18,48,48,0,67,67,0,44,4,2,2.4,Short (1–3 days),album,8,2.54815,False,Clean
Boom Boom Bass - RIIZE,Boom Boom Bass,RIIZE,2025-09-23,2025-09-21,44,45,-1,67,67,0,45,0,2,0.0,Short (1–3 days),album,8,2.54815,False,Clean
Broken Melodies - NCT DREAM,Broken Melodies,NCT DREAM,2024-07-20,2024-06-30,50,44,6,72,56,-16,44,6,2,3.5999999999999996,Short (1–3 days),single,1,3.7693333333333334,False,Clean
Bubble Gum - NewJeans,Bubble Gum,NewJeans,2025-07-12,2025-07-10,15,15,0,80,80,0,15,0,32,0.0,Long (15+ days),single,4,3.3377666666666665,False,Clean
Bubble Gum - NewJeans,Bubble Gum,NewJeans,2025-08-14,2025-08-12,23,22,1,79,79,0,22,1,39,0.6,Long (15+ days),single,4,3.3377666666666665,False,Clean
Bubble Gum - NewJeans,Bubble Gum,NewJeans,2025-09-23,2025-09-21,42,49,-7,77,76,-1,45,0,4,0.0,Medium (4–7 days),single,4,3.3377666666666665,False,Clean
Bubble Gum - NewJeans,Bubble Gum,NewJeans,2025-09-28,2025-09-26,49,49,0,76,76,0,45,4,3,2.4,Short (1–3 days),single,4,3.3377666666666665,False,Clean
Bubble Gum - NewJeans,Bubble Gum,NewJeans,2025-10-02,2025-09-30,45,50,-5,75,75,0,48,0,2,0.0,Short (1–3 days),single,4,3.3377666666666665,False,Clean
Bubble Gum - NewJeans,Bubble Gum,NewJeans,2025-10-06,2025-10-03,50,48,2,75,75,0,48,2,1,1.2,Short (1–3 days),single,4,3.3377666666666665,False,Clean
Bubble Gum - NewJeans,Bubble Gum,NewJeans,2025-10-14,2025-10-06,48,50,-2,75,74,-1,50,0,1,0.0,Short (1–3 days),single,4,3.3377666666666665,False,Clean
But Sometimes - BOYNEXTDOOR,But Sometimes,BOYNEXTDOOR,2024-09-27,2024-09-23,39,49,-10,70,70,0,49,0,1,0.0,Short (1–3 days),single,6,2.918433333333333,False,Clean
CARNIVAL - ¥$ & Kanye West & Ty Dolla $ign,CARNIVAL,¥$ & Kanye West & Ty Dolla $ign,2025-03-06,2025-02-21,43,50,-7,86,96,10,42,1,1,4.6,Short (1–3 days),single,1,4.4054,True,Explicit
CARNIVAL - ¥$ & Kanye West & Ty Dolla $ign,CARNIVAL,¥$ & Kanye West & Ty Dolla $ign,2025-03-08,2025-03-06,50,48,2,96,96,0,42,8,1,4.8,Short (1–3 days),single,1,4.4054,True,Explicit
CARNIVAL - ¥$ & Kanye West & Ty Dolla $ign,CARNIVAL,¥$ & Kanye West & Ty Dolla $ign,2025-03-15,2025-03-08,48,42,6,96,97,1,42,6,6,3.9999999999999996,Medium (4–7 days),single,1,4.4054,True,Explicit
CHIHIRO - Billie Eilish,CHIHIRO,Billie Eilish,2025-05-23,2025-05-19,47,46,1,61,90,29,46,1,3,12.200000000000001,Short (1–3 days),album,10,5.057333333333333,False,Clean
CRAZY - LE SSERAFIM,CRAZY,LE SSERAFIM,2025-11-22,2025-11-20,39,45,-6,80,80,0,45,0,2,0.0,Short (1–3 days),single,5,2.742566666666667,False,Clean
CROOKED - G-DRAGON,CROOKED,G-DRAGON,2025-11-09,2025-11-05,40,47,-7,61,62,1,47,0,2,0.4,Short (1–3 days),album,12,3.7465333333333333,False,Clean
CROOKED - G-DRAGON,CROOKED,G-DRAGON,2025-11-27,2025-11-10,50,47,3,63,65,2,47,3,1,2.5999999999999996,Short (1–3 days),album,12,3.7465333333333333,False,Clean
Candy (Feat. Zion.T) - Jay Park,Candy (Feat. Zion.T),Jay Park,2024-05-31,2024-05-28,49,47,2,59,62,3,45,4,2,3.6,Short (1–3 days),single,1,3.1003166666666666,False,Clean
Candy (Feat. Zion.T) - Jay Park,Candy (Feat. Zion.T),Jay Park,2024-06-05,2024-06-01,45,45,0,63,65,2,45,0,1,0.8,Short (1–3 days),single,1,3.1003166666666666,False,Clean
Candy (Feat. Zion.T) - Jay Park,Candy (Feat. Zion.T),Jay Park,2024-06-09,2024-06-05,45,50,-5,65,66,1,50,0,1,0.4,Short (1–3 days),single,1,3.1003166666666666,False,Clean
Chk Chk Boom - Stray Kids,Chk Chk Boom,Stray Kids,2025-08-07,2025-08-03,46,44,2,67,68,1,44,2,3,1.6,Short (1–3 days),album,8,2.4675166666666666,False,Clean
Christmas Love - Jimin,Christmas Love,Jimin,2024-06-21,2024-06-18,50,48,2,68,68,0,24,26,2,15.6,Short (1–3 days),single,1,3.2988333333333335,False,Clean
Christmas Love - Jimin,Christmas Love,Jimin,2024-11-05,2024-06-22,48,28,20,68,69,1,24,24,2,14.799999999999999,Short (1–3 days),single,1,3.2988333333333335,False,Clean
Christmas Love - Jimin,Christmas Love,Jimin,2024-11-08,2024-11-06,28,50,-22,69,69,0,24,4,1,2.4,Short (1–3 days),single,1,3.2988333333333335,False,Clean
Christmas Love - Jimin,Christmas Love,Jimin,2024-11-10,2024-11-08,50,46,4,69,69,0,24,26,2,15.6,Short (1–3 days),single,1,3.2988333333333335,False,Clean
Christmas Love - Jimin,Christmas Love,Jimin,2024-11-18,2024-11-11,33,48,-15,69,69,0,24,9,1,5.3999999999999995,Short (1–3 days),single,1,3.2988333333333335,False,Clean
Christmas Love - Jimin,Christmas Love,Jimin,2024-11-22,2024-11-18,48,49,-1,69,69,0,24,24,1,14.399999999999999,Short (1–3 days),single,1,3.2988333333333335,False,Clean
Christmas Love - Jimin,Christmas Love,Jimin,2024-11-24,2024-11-22,49,46,3,69,69,0,24,25,1,15.0,Short (1–3 days),single,1,3.2988333333333335,False,Clean
Christmas Love - Jimin,Christmas Love,Jimin,2024-11-28,2024-11-24,46,48,-2,69,69,0,24,22,1,13.2,Short (1–3 days),single,1,3.2988333333333335,False,Clean
Christmas Love - Jimin,Christmas Love,Jimin,2024-12-02,2024-11-28,48,50,-2,69,69,0,24,24,2,14.399999999999999,Short (1–3 days),single,1,3.2988333333333335,False,Clean
Christmas Love - Jimin,Christmas Love,Jimin,2024-12-05,2024-12-03,46,47,-1,69,69,0,24,22,1,13.2,Short (1–3 days),single,1,3.2988333333333335,False,Clean
Christmas Love - Jimin,Christmas Love,Jimin,2024-12-09,2024-12-05,47,40,7,69,70,1,24,23,2,14.2,Short (1–3 days),single,1,3.2988333333333335,False,Clean
Christmas Love - Jimin,Christmas Love,Jimin,2024-12-12,2024-12-10,41,42,-1,70,70,0,24,17,1,10.2,Short (1–3 days),single,1,3.2988333333333335,False,Clean
Christmas Love - Jimin,Christmas Love,Jimin,2024-12-17,2024-12-12,42,33,9,70,71,1,24,18,2,11.2,Short (1–3 days),single,1,3.2988333333333335,False,Clean
Christmas Love - Jimin,Christmas Love,Jimin,2024-12-20,2024-12-18,33,30,3,71,71,0,24,9,9,5.3999999999999995,Strong (8–14 days),single,1,3.2988333333333335,False,Clean
Christmas Tree - V,Christmas Tree,V,2024-09-18,2024-09-09,32,44,-12,82,81,-1,44,0,2,0.0,Short (1–3 days),single,2,3.4991,False,Clean
Click Like (Prod. Crush) (Feat. Paul Blanco) - Various Artists,Click Like (Prod. Crush) (Feat. Paul Blanco),Various Artists,2024-09-13,2024-09-09,41,48,-7,60,66,6,48,0,1,2.4000000000000004,Short (1–3 days),single,4,2.7664333333333335,False,Clean
Closer Than This - Jimin,Closer Than This,Jimin,2025-03-15,2025-03-13,7,8,-1,86,86,0,4,3,10,1.7999999999999998,Strong (8–14 days),single,1,3.7217,False,Clean
Closer Than This - Jimin,Closer Than This,Jimin,2025-03-26,2025-03-24,7,6,1,85,85,0,4,3,107,1.7999999999999998,Long (15+ days),single,1,3.7217,False,Clean
Closer Than This - Jimin,Closer Than This,Jimin,2025-07-12,2025-07-10,5,5,0,85,85,0,4,1,32,0.6,Long (15+ days),single,1,3.7217,False,Clean
Closer Than This - Jimin,Closer Than This,Jimin,2025-08-14,2025-08-12,6,7,-1,78,78,0,5,1,106,0.6,Long (15+ days),single,1,3.7217,False,Clean
Closer to You (feat. Major Lazer) - Jung Kook,Closer to You (feat. Major Lazer),Jung Kook,2024-12-05,2024-12-03,47,44,3,86,86,0,33,14,10,8.4,Strong (8–14 days),album,11,2.8499166666666667,False,Clean
Closer to You (feat. Major Lazer) - Jung Kook,Closer to You (feat. Major Lazer),Jung Kook,2024-12-16,2024-12-14,42,48,-6,86,86,0,37,5,1,3.0,Short (1–3 days),album,11,2.8499166666666667,False,Clean
Closer to You (feat. Major Lazer) - Jung Kook,Closer to You (feat. Major Lazer),Jung Kook,2024-12-20,2024-12-16,48,49,-1,86,85,-1,37,11,2,6.6,Short (1–3 days),album,11,2.8499166666666667,False,Clean
Closer to You (feat. Major Lazer) - Jung Kook,Closer to You (feat. Major Lazer),Jung Kook,2024-12-29,2024-12-21,47,43,4,85,81,-4,37,10,1,6.0,Short (1–3 days),album,11,2.8499166666666667,False,Clean
Closer to You (feat. Major Lazer) - Jung Kook,Closer to You (feat. Major Lazer),Jung Kook,2025-01-05,2024-12-29,43,46,-3,81,83,2,37,6,1,4.3999999999999995,Short (1–3 days),album,11,2.8499166666666667,False,Clean
Closer to You (feat. Major Lazer) - Jung Kook,Closer to You (feat. Major Lazer),Jung Kook,2025-01-10,2025-01-05,46,47,-1,83,84,1,37,9,1,5.8,Short (1–3 days),album,11,2.8499166666666667,False,Clean
Closer to You (feat. Major Lazer) - Jung Kook,Closer to You (feat. Major Lazer),Jung Kook,2025-01-12,2025-01-10,47,50,-3,84,84,0,37,10,1,6.0,Short (1–3 days),album,11,2.8499166666666667,False,Clean
Closer to You (feat. Major Lazer) - Jung Kook,Closer to You (feat. Major Lazer),Jung Kook,2025-01-16,2025-01-12,50,49,1,84,83,-1,37,13,1,7.8,Short (1–3 days),album,11,2.8499166666666667,False,Clean
Closer to You (feat. Major Lazer) - Jung Kook,Closer to You (feat. Major Lazer),Jung Kook,2025-02-25,2025-01-16,49,49,0,83,82,-1,37,12,4,7.199999999999999,Medium (4–7 days),album,11,2.8499166666666667,False,Clean
Closer to You (feat. Major Lazer) - Jung Kook,Closer to You (feat. Major Lazer),Jung Kook,2025-03-02,2025-02-28,45,47,-2,82,81,-1,37,8,4,4.8,Medium (4–7 days),album,11,2.8499166666666667,False,Clean
Closer to You (feat. Major Lazer) - Jung Kook,Closer to You (feat. Major Lazer),Jung Kook,2025-03-07,2025-03-05,37,48,-11,81,80,-1,48,0,1,0.0,Short (1–3 days),album,11,2.8499166666666667,False,Clean
Closer to You (feat. Major Lazer) - Jung Kook,Closer to You (feat. Major Lazer),Jung Kook,2025-03-16,2025-03-07,48,50,-2,80,79,-1,48,0,2,0.0,Short (1–3 days),album,11,2.8499166666666667,False,Clean
Closer to You (feat. Major Lazer) - Jung Kook,Closer to You (feat. Major Lazer),Jung Kook,2025-06-08,2025-03-17,50,48,2,79,75,-4,48,2,1,1.2,Short (1–3 days),album,11,2.8499166666666667,False,Clean
Come back to me - RM,Come back to me,RM,2025-05-26,2025-05-16,47,42,5,78,63,-15,42,5,1,3.0,Short (1–3 days),single,2,6.482666666666667,False,Clean
Cool With You - NewJeans,Cool With You,NewJeans,2024-10-19,2024-10-15,50,48,2,85,85,0,48,2,1,1.2,Short (1–3 days),single,6,2.4646666666666666,False,Clean
Cosmic - Red Velvet,Cosmic,Red Velvet,2025-07-12,2025-07-10,31,31,0,72,72,0,29,2,10,1.2,Strong (8–14 days),single,6,3.7644,False,Clean
Cruel Summer - Taylor Swift,Cruel Summer,Taylor Swift,2024-07-07,2024-07-04,35,44,-9,97,98,1,22,13,85,8.2,Long (15+ days),album,18,2.9737666666666667,False,Clean
Cruel Summer - Taylor Swift,Cruel Summer,Taylor Swift,2024-10-04,2024-09-29,44,46,-2,98,98,0,22,22,5,13.2,Medium (4–7 days),album,18,2.9737666666666667,False,Clean
Cruel Summer - Taylor Swift,Cruel Summer,Taylor Swift,2024-10-20,2024-10-08,50,45,5,99,99,0,22,28,2,16.8,Short (1–3 days),album,18,2.9737666666666667,False,Clean
Cruel Summer - Taylor Swift,Cruel Summer,Taylor Swift,2024-10-24,2024-10-21,46,50,-4,99,100,1,22,24,2,14.799999999999999,Short (1–3 days),album,18,2.9737666666666667,False,Clean
Cruel Summer - Taylor Swift,Cruel Summer,Taylor Swift,2024-12-28,2024-10-25,50,48,2,100,95,-5,22,28,77,16.8,Long (15+ days),album,18,2.9737666666666667,False,Clean
Cruel Summer - Taylor Swift,Cruel Summer,Taylor Swift,2025-03-15,2025-03-13,29,24,5,98,98,0,24,5,10,3.0,Strong (8–14 days),album,18,2.9737666666666667,False,Clean
Cruel Summer - Taylor Swift,Cruel Summer,Taylor Swift,2025-03-26,2025-03-24,30,29,1,97,97,0,29,1,30,0.6,Long (15+ days),album,18,2.9737666666666667,False,Clean
Cruel Summer - Taylor Swift,Cruel Summer,Taylor Swift,2025-04-26,2025-04-24,48,46,2,96,96,0,39,9,2,5.3999999999999995,Short (1–3 days),album,18,2.9737666666666667,False,Clean
Cruel Summer - Taylor Swift,Cruel Summer,Taylor Swift,2025-06-12,2025-04-27,48,50,-2,96,88,-8,39,9,4,5.3999999999999995,Medium (4–7 days),album,18,2.9737666666666667,False,Clean
Cruel Summer - Taylor Swift,Cruel Summer,Taylor Swift,2025-06-17,2025-06-15,49,47,2,88,88,0,39,10,5,6.0,Medium (4–7 days),album,18,2.9737666666666667,False,Clean
Cruel Summer - Taylor Swift,Cruel Summer,Taylor Swift,2025-07-31,2025-06-21,45,50,-5,89,92,3,39,6,5,4.8,Medium (4–7 days),album,18,2.9737666666666667,False,Clean
Cruel Summer - Taylor Swift,Cruel Summer,Taylor Swift,2025-08-07,2025-08-04,47,48,-1,93,92,-1,39,8,6,4.8,Medium (4–7 days),album,18,2.9737666666666667,False,Clean
Cruel Summer - Taylor Swift,Cruel Summer,Taylor Swift,2025-08-14,2025-08-12,46,41,5,93,93,0,39,7,10,4.2,Strong (8–14 days),album,18,2.9737666666666667,False,Clean
Cruel Summer - Taylor Swift,Cruel Summer,Taylor Swift,2025-08-25,2025-08-23,47,47,0,92,92,0,43,4,3,2.4,Short (1–3 days),album,18,2.9737666666666667,False,Clean
Cruel Summer - Taylor Swift,Cruel Summer,Taylor Swift,2025-08-31,2025-08-27,47,43,4,92,92,0,43,4,1,2.4,Short (1–3 days),album,18,2.9737666666666667,False,Clean
Cruel Summer - Taylor Swift,Cruel Summer,Taylor Swift,2025-09-18,2025-08-31,43,49,-6,92,92,0,49,0,1,0.0,Short (1–3 days),album,18,2.9737666666666667,False,Clean
Cupid - FIFTY FIFTY,Cupid,FIFTY FIFTY,2024-07-09,2024-07-04,36,50,-14,87,87,0,42,0,4,0.0,Medium (4–7 days),single,3,2.9042166666666667,False,Clean
Cupid - Twin Ver. - FIFTY FIFTY,Cupid - Twin Ver.,FIFTY FIFTY,2024-07-07,2024-07-04,31,43,-12,99,99,0,36,0,15,0.0,Long (15+ days),single,3,2.9042166666666667,False,Clean
Cupid - Twin Ver. - FIFTY FIFTY,Cupid - Twin Ver.,FIFTY FIFTY,2024-07-26,2024-07-21,45,49,-4,98,97,-1,49,0,1,0.0,Short (1–3 days),single,3,2.9042166666666667,False,Clean
Cupid - Twin Ver. - FIFTY FIFTY,Cupid - Twin Ver.,FIFTY FIFTY,2024-08-06,2024-07-26,49,50,-1,97,96,-1,50,0,1,0.0,Short (1–3 days),single,3,2.9042166666666667,False,Clean
Cupido - Engel Montaz & Kuv507 & Latinnites Music,Cupido,Engel Montaz & Kuv507 & Latinnites Music,2025-01-10,2025-01-08,47,32,15,69,70,1,32,15,1,9.4,Short (1–3 days),single,1,3.5833333333333335,False,Clean
Dance The Night (From Barbie The Album) - Dua Lipa,Dance The Night (From Barbie The Album),Dua Lipa,2024-06-09,2024-06-03,42,46,-4,86,90,4,41,1,1,2.2,Short (1–3 days),single,1,2.9429833333333333,False,Clean
Dance The Night (From Barbie The Album) - Dua Lipa,Dance The Night (From Barbie The Album),Dua Lipa,2024-07-26,2024-06-09,46,45,1,90,95,5,41,5,3,5.0,Short (1–3 days),single,1,2.9429833333333333,False,Clean
Dance The Night (From Barbie The Album) - Dua Lipa,Dance The Night (From Barbie The Album),Dua Lipa,2024-07-30,2024-07-28,41,50,-9,96,96,0,41,0,13,0.0,Strong (8–14 days),single,1,2.9429833333333333,False,Clean
Dangerously - Charlie Puth,Dangerously,Charlie Puth,2024-06-04,2024-06-02,47,47,0,48,48,0,42,5,5,3.0,Medium (4–7 days),album,14,3.3188833333333334,False,Clean
Dangerously - Charlie Puth,Dangerously,Charlie Puth,2024-06-13,2024-06-08,46,49,-3,63,64,1,42,4,1,2.8,Short (1–3 days),album,14,3.3188833333333334,False,Clean
Dangerously - Charlie Puth,Dangerously,Charlie Puth,2024-06-16,2024-06-13,49,44,5,64,64,0,42,7,5,4.2,Medium (4–7 days),album,14,3.3188833333333334,False,Clean
Dangerously - Charlie Puth,Dangerously,Charlie Puth,2024-07-01,2024-06-20,50,44,6,64,65,1,44,6,1,3.9999999999999996,Short (1–3 days),album,14,3.3188833333333334,False,Clean
Dare to Love (feat. BIG Naughty) - B.I,Dare to Love (feat. BIG Naughty),B.I,2024-07-04,2024-07-01,48,48,0,64,64,0,48,0,1,0.0,Short (1–3 days),album,15,2.9286,False,Clean
Discord - QWER,Discord,QWER,2024-12-15,2024-12-12,49,44,5,58,59,1,44,5,2,3.4,Short (1–3 days),single,4,2.796666666666667,False,Clean
Ditto - NewJeans,Ditto,NewJeans,2024-11-08,2024-11-03,49,43,6,85,85,0,27,22,12,13.2,Strong (8–14 days),single,1,3.0917666666666666,False,Clean
Ditto - NewJeans,Ditto,NewJeans,2024-11-21,2024-11-19,49,47,2,84,84,0,27,22,1,13.2,Short (1–3 days),single,1,3.0917666666666666,False,Clean
Ditto - NewJeans,Ditto,NewJeans,2024-11-23,2024-11-21,47,50,-3,84,84,0,27,20,82,12.0,Long (15+ days),single,1,3.0917666666666666,False,Clean
Ditto - NewJeans,Ditto,NewJeans,2025-02-16,2025-02-12,42,50,-8,85,85,0,30,12,2,7.199999999999999,Short (1–3 days),single,1,3.0917666666666666,False,Clean
Ditto - NewJeans,Ditto,NewJeans,2025-03-11,2025-02-17,50,49,1,85,83,-2,30,20,2,12.0,Short (1–3 days),single,1,3.0917666666666666,False,Clean
Ditto - NewJeans,Ditto,NewJeans,2025-03-18,2025-03-12,49,50,-1,83,82,-1,30,19,1,11.4,Short (1–3 days),single,1,3.0917666666666666,False,Clean
Ditto - NewJeans,Ditto,NewJeans,2025-03-26,2025-03-18,50,49,1,82,81,-1,30,20,1,12.0,Short (1–3 days),single,1,3.0917666666666666,False,Clean
Ditto - NewJeans,Ditto,NewJeans,2025-04-01,2025-03-26,49,47,2,81,80,-1,30,19,1,11.4,Short (1–3 days),single,1,3.0917666666666666,False,Clean
Ditto - NewJeans,Ditto,NewJeans,2025-04-27,2025-04-01,47,46,1,80,81,1,30,17,19,10.6,Long (15+ days),single,1,3.0917666666666666,False,Clean
Ditto - NewJeans,Ditto,NewJeans,2025-05-17,2025-05-15,48,49,-1,80,80,0,30,18,2,10.799999999999999,Short (1–3 days),single,1,3.0917666666666666,False,Clean
Ditto - NewJeans,Ditto,NewJeans,2025-05-20,2025-05-18,48,49,-1,80,80,0,30,18,1,10.799999999999999,Short (1–3 days),single,1,3.0917666666666666,False,Clean
Ditto - NewJeans,Ditto,NewJeans,2025-05-31,2025-05-20,49,42,7,80,80,0,30,19,41,11.4,Long (15+ days),single,1,3.0917666666666666,False,Clean
Ditto - NewJeans,Ditto,NewJeans,2025-07-12,2025-07-10,46,49,-3,78,78,0,30,16,6,9.6,Medium (4–7 days),single,1,3.0917666666666666,False,Clean
Ditto - NewJeans,Ditto,NewJeans,2025-07-20,2025-07-17,50,49,1,79,79,0,30,20,1,12.0,Short (1–3 days),single,1,3.0917666666666666,False,Clean
Ditto - NewJeans,Ditto,NewJeans,2025-07-24,2025-07-20,49,45,4,79,79,0,30,19,1,11.4,Short (1–3 days),single,1,3.0917666666666666,False,Clean
Ditto - NewJeans,Ditto,NewJeans,2025-07-26,2025-07-24,45,50,-5,79,78,-1,30,15,5,9.0,Medium (4–7 days),single,1,3.0917666666666666,False,Clean
Ditto - NewJeans,Ditto,NewJeans,2025-08-03,2025-07-30,50,47,3,78,79,1,30,20,1,12.4,Short (1–3 days),single,1,3.0917666666666666,False,Clean
Ditto - NewJeans,Ditto,NewJeans,2025-08-10,2025-08-03,47,45,2,79,78,-1,30,17,2,10.2,Short (1–3 days),single,1,3.0917666666666666,False,Clean
Ditto - NewJeans,Ditto,NewJeans,2025-08-14,2025-08-11,48,45,3,79,79,0,30,18,3,10.799999999999999,Short (1–3 days),single,1,3.0917666666666666,False,Clean
Ditto - NewJeans,Ditto,NewJeans,2025-09-13,2025-08-16,48,48,0,79,78,-1,30,18,2,10.799999999999999,Short (1–3 days),single,1,3.0917666666666666,False,Clean
Ditto - NewJeans,Ditto,NewJeans,2025-09-16,2025-09-14,49,49,0,78,78,0,30,19,5,11.4,Medium (4–7 days),single,1,3.0917666666666666,False,Clean
Ditto - NewJeans,Ditto,NewJeans,2025-09-25,2025-09-20,49,45,4,79,78,-1,30,19,1,11.4,Short (1–3 days),single,1,3.0917666666666666,False,Clean
Ditto - NewJeans,Ditto,NewJeans,2025-10-05,2025-09-25,45,50,-5,78,78,0,30,15,4,9.0,Medium (4–7 days),single,1,3.0917666666666666,False,Clean
Ditto - NewJeans,Ditto,NewJeans,2025-10-12,2025-10-08,50,45,5,78,77,-1,30,20,5,12.0,Medium (4–7 days),single,1,3.0917666666666666,False,Clean
Ditto - NewJeans,Ditto,NewJeans,2025-10-18,2025-10-16,50,39,11,77,77,0,39,11,1,6.6,Short (1–3 days),single,1,3.0917666666666666,False,Clean
Ditto - NewJeans,Ditto,NewJeans,2025-10-23,2025-10-18,39,48,-9,77,77,0,48,0,1,0.0,Short (1–3 days),single,1,3.0917666666666666,False,Clean
Ditto - NewJeans,Ditto,NewJeans,2025-11-05,2025-10-23,48,48,0,77,77,0,48,0,1,0.0,Short (1–3 days),single,1,3.0917666666666666,False,Clean
Do or Die - Lim Young Woong,Do or Die,Lim Young Woong,2025-03-15,2025-03-13,12,12,0,69,68,-1,11,1,10,0.6,Strong (8–14 days),single,1,3.424,False,Clean
Do or Die - Lim Young Woong,Do or Die,Lim Young Woong,2025-03-26,2025-03-24,13,15,-2,68,67,-1,11,2,107,1.2,Long (15+ days),single,1,3.424,False,Clean
Do or Die - Lim Young Woong,Do or Die,Lim Young Woong,2025-07-12,2025-07-10,21,22,-1,62,62,0,19,2,32,1.2,Long (15+ days),single,1,3.424,False,Clean
Do or Die - Lim Young Woong,Do or Die,Lim Young Woong,2025-08-14,2025-08-12,20,21,-1,63,63,0,20,0,68,0.0,Long (15+ days),single,1,3.424,False,Clean
Do or Die - Lim Young Woong,Do or Die,Lim Young Woong,2025-10-22,2025-10-20,43,46,-3,60,60,0,41,2,2,1.2,Short (1–3 days),single,1,3.424,False,Clean
Do or Die - Lim Young Woong,Do or Die,Lim Young Woong,2025-11-03,2025-10-23,49,45,4,60,59,-1,41,8,14,4.8,Strong (8–14 days),single,1,3.424,False,Clean
Do or Die - Lim Young Woong,Do or Die,Lim Young Woong,2025-11-19,2025-11-16,47,46,1,59,59,0,46,1,1,0.6,Short (1–3 days),single,1,3.424,False,Clean
Don't Look Back In Anger - Remastered - Oasis,Don't Look Back In Anger - Remastered,Oasis,2025-09-03,2025-09-01,49,45,4,77,78,1,45,4,1,2.8,Short (1–3 days),album,40,4.826,False,Clean
Don't Look Back in Anger - Remastered - Oasis,Don't Look Back in Anger - Remastered,Oasis,2025-09-02,2025-08-31,31,45,-14,74,74,0,45,0,1,0.0,Short (1–3 days),album,40,4.826,False,Clean
Don't Look Back in Anger - Remastered - Oasis,Don't Look Back in Anger - Remastered,Oasis,2025-09-04,2025-09-02,45,47,-2,74,75,1,47,0,1,0.4,Short (1–3 days),album,40,4.826,False,Clean
Drama - aespa,Drama,aespa,2025-03-15,2025-03-13,35,32,3,85,85,0,25,10,10,6.0,Strong (8–14 days),album,7,3.582883333333333,False,Clean
Drama - aespa,Drama,aespa,2025-03-26,2025-03-24,37,35,2,84,83,-1,25,12,11,7.199999999999999,Strong (8–14 days),album,7,3.582883333333333,False,Clean
Drama - aespa,Drama,aespa,2025-04-07,2025-04-05,48,48,0,83,83,0,25,23,11,13.799999999999999,Strong (8–14 days),album,7,3.582883333333333,False,Clean
Drama - aespa,Drama,aespa,2025-04-20,2025-04-17,49,50,-1,83,83,0,25,24,1,14.399999999999999,Short (1–3 days),album,7,3.582883333333333,False,Clean
Drama - aespa,Drama,aespa,2025-05-03,2025-04-20,50,47,3,83,82,-1,25,25,7,15.0,Medium (4–7 days),album,7,3.582883333333333,False,Clean
Drama - aespa,Drama,aespa,2025-05-11,2025-05-09,47,46,1,83,83,0,25,22,54,13.2,Long (15+ days),album,7,3.582883333333333,False,Clean
Drama - aespa,Drama,aespa,2025-07-12,2025-07-03,50,50,0,82,82,0,47,3,5,1.7999999999999998,Medium (4–7 days),album,7,3.582883333333333,False,Clean
Drama - aespa,Drama,aespa,2025-10-12,2025-07-16,48,47,1,82,79,-3,47,1,1,0.6,Short (1–3 days),album,7,3.582883333333333,False,Clean
Dreamers [Music from the FIFA World Cup Qatar 2022 Official Soundtrack] - Jung Kook & BTS,Dreamers [Music from the FIFA World Cup Qatar 2022 Official Soundtrack],Jung Kook & BTS,2024-10-16,2024-10-13,48,38,10,82,82,0,21,27,3,16.2,Short (1–3 days),single,1,3.356516666666667,False,Clean
Dreamers [Music from the FIFA World Cup Qatar 2022 Official Soundtrack] - Jung Kook & BTS,Dreamers [Music from the FIFA World Cup Qatar 2022 Official Soundtrack],Jung Kook & BTS,2024-10-20,2024-10-18,31,42,-11,82,82,0,21,10,3,6.0,Short (1–3 days),single,1,3.356516666666667,False,Clean
Dreamers [Music from the FIFA World Cup Qatar 2022 Official Soundtrack] - Jung Kook & BTS,Dreamers [Music from the FIFA World Cup Qatar 2022 Official Soundtrack],Jung Kook & BTS,2024-10-26,2024-10-22,47,33,14,82,82,0,21,26,5,15.6,Medium (4–7 days),single,1,3.356516666666667,False,Clean
Dreamers [Music from the FIFA World Cup Qatar 2022 Official Soundtrack] - Jung Kook & BTS,Dreamers [Music from the FIFA World Cup Qatar 2022 Official Soundtrack],Jung Kook & BTS,2024-11-20,2024-10-30,30,28,2,82,80,-2,28,2,1,1.2,Short (1–3 days),single,1,3.356516666666667,False,Clean
Drowning - WOODZ,Drowning,WOODZ,2025-11-19,2025-11-17,49,49,0,60,61,1,49,0,1,0.4,Short (1–3 days),single,7,4.0831,False,Clean
Drowning - WOODZ,Drowning,WOODZ,2025-11-22,2025-11-19,49,49,0,61,61,0,49,0,1,0.0,Short (1–3 days),single,7,4.0831,False,Clean
EASY - LE SSERAFIM,EASY,LE SSERAFIM,2025-03-15,2025-03-13,4,3,1,89,89,0,3,1,10,0.6,Strong (8–14 days),single,5,2.7424166666666667,False,Clean
EASY - LE SSERAFIM,EASY,LE SSERAFIM,2025-03-26,2025-03-24,8,8,0,88,88,0,8,0,90,0.0,Long (15+ days),single,5,2.7424166666666667,False,Clean
EASY - LE SSERAFIM,EASY,LE SSERAFIM,2025-06-29,2025-06-23,48,48,0,78,80,2,34,14,1,9.200000000000001,Short (1–3 days),single,5,2.7424166666666667,False,Clean
EASY - LE SSERAFIM,EASY,LE SSERAFIM,2025-08-03,2025-06-29,48,50,-2,80,80,0,34,14,1,8.4,Short (1–3 days),single,5,2.7424166666666667,False,Clean
EASY - LE SSERAFIM,EASY,LE SSERAFIM,2025-08-08,2025-08-03,50,49,1,80,79,-1,34,16,1,9.6,Short (1–3 days),single,5,2.7424166666666667,False,Clean
EASY - LE SSERAFIM,EASY,LE SSERAFIM,2025-08-10,2025-08-08,49,38,11,79,80,1,34,15,3,9.4,Short (1–3 days),single,5,2.7424166666666667,False,Clean
EASY - LE SSERAFIM,EASY,LE SSERAFIM,2025-08-14,2025-08-12,42,34,8,80,80,0,34,8,8,4.8,Strong (8–14 days),single,5,2.7424166666666667,False,Clean
EASY - LE SSERAFIM,EASY,LE SSERAFIM,2025-08-24,2025-08-21,50,47,3,80,79,-1,45,5,1,3.0,Short (1–3 days),single,5,2.7424166666666667,False,Clean
EASY - LE SSERAFIM,EASY,LE SSERAFIM,2025-08-26,2025-08-24,47,49,-2,79,79,0,45,2,2,1.2,Short (1–3 days),single,5,2.7424166666666667,False,Clean
EASY - LE SSERAFIM,EASY,LE SSERAFIM,2025-08-29,2025-08-27,49,45,4,79,79,0,45,4,3,2.4,Short (1–3 days),single,5,2.7424166666666667,False,Clean
ETA - NewJeans,ETA,NewJeans,2024-11-23,2024-11-14,49,48,1,86,85,-1,25,24,6,14.399999999999999,Medium (4–7 days),single,6,2.522883333333333,False,Clean
ETA - NewJeans,ETA,NewJeans,2024-11-30,2024-11-28,50,49,1,85,85,0,25,25,25,15.0,Long (15+ days),single,6,2.522883333333333,False,Clean
ETA - NewJeans,ETA,NewJeans,2024-12-27,2024-12-24,45,50,-5,83,83,0,25,20,57,12.0,Long (15+ days),single,6,2.522883333333333,False,Clean
ETA - NewJeans,ETA,NewJeans,2025-02-23,2025-02-21,48,49,-1,84,84,0,25,23,19,13.799999999999999,Long (15+ days),single,6,2.522883333333333,False,Clean
ETA - NewJeans,ETA,NewJeans,2025-03-15,2025-03-13,45,43,2,82,82,0,25,20,10,12.0,Strong (8–14 days),single,6,2.522883333333333,False,Clean
ETA - NewJeans,ETA,NewJeans,2025-03-26,2025-03-24,39,39,0,81,81,0,25,14,11,8.4,Strong (8–14 days),single,6,2.522883333333333,False,Clean
ETA - NewJeans,ETA,NewJeans,2025-04-07,2025-04-05,50,50,0,80,80,0,25,25,10,15.0,Strong (8–14 days),single,6,2.522883333333333,False,Clean
ETA - NewJeans,ETA,NewJeans,2025-04-18,2025-04-16,49,50,-1,81,81,0,25,24,1,14.399999999999999,Short (1–3 days),single,6,2.522883333333333,False,Clean
ETA - NewJeans,ETA,NewJeans,2025-04-27,2025-04-18,50,41,9,81,81,0,25,25,29,15.0,Long (15+ days),single,6,2.522883333333333,False,Clean
ETA - NewJeans,ETA,NewJeans,2025-05-27,2025-05-25,44,48,-4,80,79,-1,31,13,40,7.8,Long (15+ days),single,6,2.522883333333333,False,Clean
ETA - NewJeans,ETA,NewJeans,2025-07-08,2025-07-05,47,48,-1,78,78,0,42,5,1,3.0,Short (1–3 days),single,6,2.522883333333333,False,Clean
ETA - NewJeans,ETA,NewJeans,2025-07-14,2025-07-08,48,48,0,78,78,0,42,6,3,3.5999999999999996,Short (1–3 days),single,6,2.522883333333333,False,Clean
ETA - NewJeans,ETA,NewJeans,2025-07-24,2025-07-16,49,50,-1,78,78,0,42,7,1,4.2,Short (1–3 days),single,6,2.522883333333333,False,Clean
ETA - NewJeans,ETA,NewJeans,2025-10-09,2025-07-24,50,49,1,78,78,0,42,8,7,4.8,Medium (4–7 days),single,6,2.522883333333333,False,Clean
ETA - NewJeans,ETA,NewJeans,2025-10-18,2025-10-15,50,50,0,78,79,1,42,8,1,5.2,Short (1–3 days),single,6,2.522883333333333,False,Clean
ETA - NewJeans,ETA,NewJeans,2025-10-20,2025-10-18,50,45,5,79,79,0,42,8,2,4.8,Short (1–3 days),single,6,2.522883333333333,False,Clean
ETA - NewJeans,ETA,NewJeans,2025-10-26,2025-10-21,42,43,-1,79,79,0,43,0,1,0.0,Short (1–3 days),single,6,2.522883333333333,False,Clean
ETA - NewJeans,ETA,NewJeans,2025-11-05,2025-10-26,43,47,-4,79,79,0,47,0,1,0.0,Short (1–3 days),single,6,2.522883333333333,False,Clean
Elevator - Lim Young Woong,Elevator,Lim Young Woong,2024-11-18,2024-11-16,50,49,1,55,55,0,48,2,3,1.2,Short (1–3 days),single,2,3.4572333333333334,False,Clean
Elevator - Lim Young Woong,Elevator,Lim Young Woong,2024-11-22,2024-11-20,49,50,-1,55,56,1,50,0,1,0.4,Short (1–3 days),single,2,3.4572333333333334,False,Clean
Elevator - Lim Young Woong,Elevator,Lim Young Woong,2024-12-08,2024-11-22,50,50,0,56,56,0,50,0,1,0.0,Short (1–3 days),single,2,3.4572333333333334,False,Clean
Espresso - Sabrina Carpenter,Espresso,Sabrina Carpenter,2025-07-12,2025-07-10,28,27,1,99,99,0,26,2,32,1.2,Long (15+ days),single,1,2.9243166666666665,True,Explicit
Espresso - Sabrina Carpenter,Espresso,Sabrina Carpenter,2025-08-14,2025-08-12,33,30,3,99,99,0,26,7,59,4.2,Long (15+ days),single,1,2.9243166666666665,True,Explicit
FIELD TRIP - ¥$ & Kanye West & Ty Dolla $ign,FIELD TRIP,¥$ & Kanye West & Ty Dolla $ign,2025-08-24,2025-08-10,39,31,8,81,78,-3,31,8,2,4.8,Short (1–3 days),album,16,2.7871333333333332,True,Explicit
FLOWER - JISOO,FLOWER,JISOO,2024-06-23,2024-06-21,49,48,1,85,85,0,37,12,5,7.199999999999999,Medium (4–7 days),single,2,2.8855666666666666,False,Clean
FLOWER - JISOO,FLOWER,JISOO,2024-06-29,2024-06-27,40,44,-4,85,85,0,44,0,2,0.0,Short (1–3 days),single,2,2.8855666666666666,False,Clean
FLOWER - JISOO,FLOWER,JISOO,2024-07-23,2024-06-30,44,45,-1,85,84,-1,45,0,2,0.0,Short (1–3 days),single,2,2.8855666666666666,False,Clean
FRI(END)S - V,FRI(END)S,V,2025-03-26,2025-03-24,9,10,-1,89,90,1,10,0,92,0.4,Long (15+ days),single,4,2.4680333333333335,False,Clean
FRI(END)S - V,FRI(END)S,V,2025-06-28,2025-06-25,48,48,0,87,88,1,43,5,1,3.4,Short (1–3 days),single,4,2.4680333333333335,False,Clean
FRI(END)S - V,FRI(END)S,V,2025-06-30,2025-06-28,48,49,-1,88,88,0,43,5,11,3.0,Strong (8–14 days),single,4,2.4680333333333335,False,Clean
FRI(END)S - V,FRI(END)S,V,2025-07-12,2025-07-10,44,48,-4,89,89,0,45,0,3,0.0,Short (1–3 days),single,4,2.4680333333333335,False,Clean
FRI(END)S - V,FRI(END)S,V,2025-07-17,2025-07-14,50,48,2,90,90,0,45,5,4,3.0,Medium (4–7 days),single,4,2.4680333333333335,False,Clean
FRI(END)S - V,FRI(END)S,V,2025-07-22,2025-07-20,45,49,-4,90,90,0,49,0,1,0.0,Short (1–3 days),single,4,2.4680333333333335,False,Clean
Face-off - Jimin,Face-off,Jimin,2025-03-15,2025-03-13,24,25,-1,77,76,-1,19,5,10,3.0,Strong (8–14 days),single,6,3.8271166666666665,True,Explicit
Face-off - Jimin,Face-off,Jimin,2025-03-26,2025-03-24,24,25,-1,76,75,-1,22,2,65,1.2,Long (15+ days),single,6,3.8271166666666665,True,Explicit
Face-off - Jimin,Face-off,Jimin,2025-05-31,2025-05-29,45,49,-4,73,73,0,30,15,1,9.0,Short (1–3 days),single,6,3.8271166666666665,True,Explicit
Face-off - Jimin,Face-off,Jimin,2025-06-02,2025-05-31,49,49,0,73,73,0,30,19,1,11.4,Short (1–3 days),single,6,3.8271166666666665,True,Explicit
Face-off - Jimin,Face-off,Jimin,2025-06-05,2025-06-02,49,43,6,73,72,-1,30,19,3,11.4,Short (1–3 days),single,6,3.8271166666666665,True,Explicit
Face-off - Jimin,Face-off,Jimin,2025-06-09,2025-06-07,43,41,2,72,68,-4,30,13,15,7.8,Long (15+ days),single,6,3.8271166666666665,True,Explicit
Face-off - Jimin,Face-off,Jimin,2025-06-26,2025-06-23,40,47,-7,68,69,1,31,9,4,5.8,Medium (4–7 days),single,6,3.8271166666666665,True,Explicit
Face-off - Jimin,Face-off,Jimin,2025-07-01,2025-06-29,36,49,-13,70,71,1,37,0,3,0.4,Short (1–3 days),single,6,3.8271166666666665,True,Explicit
Face-off - Jimin,Face-off,Jimin,2025-07-06,2025-07-03,49,50,-1,72,72,0,37,12,1,7.199999999999999,Short (1–3 days),single,6,3.8271166666666665,True,Explicit
Face-off - Jimin,Face-off,Jimin,2025-07-19,2025-07-06,50,37,13,72,72,0,37,13,2,7.8,Short (1–3 days),single,6,3.8271166666666665,True,Explicit
Fact Check - NCT 127,Fact Check,NCT 127,2024-10-19,2024-10-13,44,50,-6,70,74,4,46,0,2,1.6,Short (1–3 days),album,9,3.07755,False,Clean
Fate - (G)I-DLE,Fate,(G)I-DLE,2025-03-15,2025-03-13,14,14,0,68,68,0,9,5,10,3.0,Strong (8–14 days),album,8,2.6924333333333332,False,Clean
Fate - (G)I-DLE,Fate,(G)I-DLE,2025-03-26,2025-03-24,11,9,2,70,71,1,9,2,61,1.6,Long (15+ days),album,8,2.6924333333333332,False,Clean
Fate - (G)I-DLE,Fate,(G)I-DLE,2025-05-27,2025-05-25,40,44,-4,75,74,-1,44,0,1,0.0,Short (1–3 days),album,8,2.6924333333333332,False,Clean
Fate - (G)I-DLE,Fate,(G)I-DLE,2025-06-01,2025-05-27,44,49,-5,74,74,0,46,0,4,0.0,Medium (4–7 days),album,8,2.6924333333333332,False,Clean
Father - Lim Young Woong,Father,Lim Young Woong,2024-10-30,2024-10-26,47,47,0,57,57,0,28,19,1,11.4,Short (1–3 days),album,12,3.9684333333333335,False,Clean
Father - Lim Young Woong,Father,Lim Young Woong,2024-11-01,2024-10-30,47,43,4,57,57,0,28,19,81,11.4,Long (15+ days),album,12,3.9684333333333335,False,Clean
Father - Lim Young Woong,Father,Lim Young Woong,2025-01-22,2025-01-20,42,42,0,59,59,0,39,3,19,1.7999999999999998,Long (15+ days),album,12,3.9684333333333335,False,Clean
Father - Lim Young Woong,Father,Lim Young Woong,2025-02-19,2025-02-09,46,46,0,58,58,0,46,0,2,0.0,Short (1–3 days),album,12,3.9684333333333335,False,Clean
Father - Lim Young Woong,Father,Lim Young Woong,2025-02-26,2025-02-20,46,50,-4,58,58,0,50,0,2,0.0,Short (1–3 days),album,12,3.9684333333333335,False,Clean
Fighting (Feat. Lee Young Ji) - BSS,Fighting (Feat. Lee Young Ji),BSS,2024-06-06,2024-06-02,45,49,-4,78,78,0,49,0,2,0.0,Short (1–3 days),single,3,3.407766666666667,False,Clean
Filter - BTS,Filter,BTS,2024-06-14,2024-06-12,46,43,3,75,75,0,31,15,2,9.0,Short (1–3 days),album,20,3.0036666666666667,False,Clean
Filter - BTS,Filter,BTS,2024-06-21,2024-06-15,45,47,-2,75,76,1,31,14,2,8.8,Short (1–3 days),album,20,3.0036666666666667,False,Clean
Filter - BTS,Filter,BTS,2025-04-06,2024-06-22,50,31,19,76,72,-4,31,19,2,11.4,Short (1–3 days),album,20,3.0036666666666667,False,Clean
For Us - V,For Us,V,2024-12-31,2024-11-09,48,44,4,85,80,-5,41,7,10,4.2,Strong (8–14 days),single,6,2.8526666666666665,False,Clean
Fortnight (feat. Post Malone) - Taylor Swift,Fortnight (feat. Post Malone),Taylor Swift,2025-05-28,2025-05-26,46,50,-4,95,95,0,49,0,2,0.0,Short (1–3 days),album,16,3.8160833333333333,False,Clean
Fortnight (feat. Post Malone) - Taylor Swift,Fortnight (feat. Post Malone),Taylor Swift,2025-06-02,2025-05-29,49,50,-1,95,95,0,50,0,5,0.0,Medium (4–7 days),album,16,3.8160833333333333,False,Clean
Fry’s Dream - AKMU,Fry’s Dream,AKMU,2024-09-05,2024-08-25,46,41,5,52,59,7,18,28,5,19.6,Medium (4–7 days),single,2,3.4096,False,Clean
Fry’s Dream - AKMU,Fry’s Dream,AKMU,2024-09-12,2024-09-09,43,39,4,60,61,1,18,25,45,15.4,Long (15+ days),single,2,3.4096,False,Clean
GODS - League of Legends & NewJeans,GODS,League of Legends & NewJeans,2025-01-25,2025-01-22,45,48,-3,85,85,0,48,0,1,0.0,Short (1–3 days),single,1,3.6813,False,Clean
GODS - League of Legends & NewJeans,GODS,League of Legends & NewJeans,2025-01-31,2025-01-25,48,49,-1,85,85,0,49,0,1,0.0,Short (1–3 days),single,1,3.6813,False,Clean
Get A Guitar - RIIZE,Get A Guitar,RIIZE,2024-12-06,2024-11-16,45,49,-4,46,54,8,23,22,15,16.4,Long (15+ days),single,2,2.67285,False,Clean
Get A Guitar - RIIZE,Get A Guitar,RIIZE,2024-12-23,2024-12-20,50,47,3,65,66,1,23,27,2,16.599999999999998,Short (1–3 days),single,2,2.67285,False,Clean
Get A Guitar - RIIZE,Get A Guitar,RIIZE,2024-12-28,2024-12-24,50,38,12,66,64,-2,23,27,76,16.2,Long (15+ days),single,2,2.67285,False,Clean
Get A Guitar - RIIZE,Get A Guitar,RIIZE,2025-03-15,2025-03-13,37,40,-3,70,69,-1,40,0,10,0.0,Strong (8–14 days),single,2,2.67285,False,Clean
Get A Guitar - RIIZE,Get A Guitar,RIIZE,2025-03-26,2025-03-24,45,44,1,68,68,0,41,4,4,2.4,Medium (4–7 days),single,2,2.67285,False,Clean
Get A Guitar - RIIZE,Get A Guitar,RIIZE,2025-04-06,2025-03-29,48,49,-1,67,67,0,41,7,5,4.2,Medium (4–7 days),single,2,2.67285,False,Clean
Get A Guitar - RIIZE,Get A Guitar,RIIZE,2025-04-12,2025-04-10,48,49,-1,67,67,0,49,0,4,0.0,Medium (4–7 days),single,2,2.67285,False,Clean
Get A Guitar - RIIZE,Get A Guitar,RIIZE,2025-04-24,2025-04-15,50,50,0,67,67,0,50,0,1,0.0,Short (1–3 days),single,2,2.67285,False,Clean
Girls Never Die - tripleS,Girls Never Die,tripleS,2025-06-24,2025-06-21,42,50,-8,68,69,1,47,0,4,0.4,Medium (4–7 days),album,10,3.132,False,Clean
Grain of Sand - Lim Young Woong,Grain of Sand,Lim Young Woong,2025-03-15,2025-03-13,13,13,0,67,67,0,12,1,10,0.6,Strong (8–14 days),single,1,3.6718166666666665,False,Clean
Grain of Sand - Lim Young Woong,Grain of Sand,Lim Young Woong,2025-03-26,2025-03-24,14,16,-2,66,66,0,12,2,107,1.2,Long (15+ days),single,1,3.6718166666666665,False,Clean
Grain of Sand - Lim Young Woong,Grain of Sand,Lim Young Woong,2025-07-12,2025-07-10,23,23,0,61,61,0,21,2,32,1.2,Long (15+ days),single,1,3.6718166666666665,False,Clean
Grain of Sand - Lim Young Woong,Grain of Sand,Lim Young Woong,2025-08-14,2025-08-12,21,23,-2,61,61,0,22,0,68,0.0,Long (15+ days),single,1,3.6718166666666665,False,Clean
Grain of Sand - Lim Young Woong,Grain of Sand,Lim Young Woong,2025-10-22,2025-10-20,49,47,2,58,58,0,40,9,1,5.3999999999999995,Short (1–3 days),single,1,3.6718166666666665,False,Clean
Grain of Sand - Lim Young Woong,Grain of Sand,Lim Young Woong,2025-11-03,2025-10-22,47,49,-2,58,58,0,40,7,1,4.2,Short (1–3 days),single,1,3.6718166666666665,False,Clean
Grain of Sand - Lim Young Woong,Grain of Sand,Lim Young Woong,2025-11-05,2025-11-03,49,46,3,58,58,0,40,9,18,5.3999999999999995,Long (15+ days),single,1,3.6718166666666665,False,Clean
Guess featuring Billie Eilish - Charli xcx & Billie Eilish,Guess featuring Billie Eilish,Charli xcx & Billie Eilish,2025-08-14,2025-08-11,49,40,9,89,90,1,38,11,3,7.0,Short (1–3 days),single,1,2.3888333333333334,False,Clean
HAPPY - DAY6,HAPPY,DAY6,2025-08-29,2025-03-21,39,42,-3,53,57,4,4,35,91,22.6,Long (15+ days),album,7,3.165566666666667,False,Clean
HERO - Lim Young Woong,HERO,Lim Young Woong,2024-10-27,2024-10-23,50,49,1,56,56,0,26,24,8,14.399999999999999,Strong (8–14 days),single,2,3.609766666666667,False,Clean
HERO - Lim Young Woong,HERO,Lim Young Woong,2024-11-05,2024-11-03,45,48,-3,57,57,0,26,19,97,11.4,Long (15+ days),single,2,3.609766666666667,False,Clean
HERO - Lim Young Woong,HERO,Lim Young Woong,2025-02-11,2025-02-09,41,46,-5,58,58,0,46,0,2,0.0,Short (1–3 days),single,2,3.609766666666667,False,Clean
HERO - Lim Young Woong,HERO,Lim Young Woong,2025-02-18,2025-02-12,49,50,-1,58,58,0,47,2,3,1.2,Short (1–3 days),single,2,3.609766666666667,False,Clean
Haegeum - Agust D,Haegeum,Agust D,2024-06-16,2024-06-12,49,48,1,90,90,0,29,20,3,12.0,Short (1–3 days),album,10,2.8154333333333335,False,Clean
Haegeum - Agust D,Haegeum,Agust D,2024-06-21,2024-06-18,45,50,-5,90,90,0,29,16,114,9.6,Long (15+ days),album,10,2.8154333333333335,False,Clean
Haegeum - Agust D,Haegeum,Agust D,2024-10-16,2024-10-12,50,47,3,83,84,1,45,5,1,3.4,Short (1–3 days),album,10,2.8154333333333335,False,Clean
Haegeum - Agust D,Haegeum,Agust D,2024-10-20,2024-10-16,47,49,-2,84,84,0,45,2,2,1.2,Short (1–3 days),album,10,2.8154333333333335,False,Clean
Haegeum - Agust D,Haegeum,Agust D,2024-10-23,2024-10-21,50,45,5,84,84,0,45,5,3,3.0,Short (1–3 days),album,10,2.8154333333333335,False,Clean
Hate You - Jung Kook,Hate You,Jung Kook,2024-12-27,2024-12-24,49,47,2,85,84,-1,28,21,32,12.6,Long (15+ days),album,11,2.5706,False,Clean
Hate You - Jung Kook,Hate You,Jung Kook,2025-01-30,2025-01-27,46,45,1,84,83,-1,29,17,1,10.2,Short (1–3 days),album,11,2.5706,False,Clean
Hate You - Jung Kook,Hate You,Jung Kook,2025-02-02,2025-01-30,45,44,1,83,83,0,29,16,37,9.6,Long (15+ days),album,11,2.5706,False,Clean
Hate You - Jung Kook,Hate You,Jung Kook,2025-03-11,2025-03-09,43,47,-4,81,81,0,39,4,3,2.4,Short (1–3 days),album,11,2.5706,False,Clean
Hate You - Jung Kook,Hate You,Jung Kook,2025-03-15,2025-03-13,44,39,5,80,80,0,39,5,10,3.0,Strong (8–14 days),album,11,2.5706,False,Clean
Hate You - Jung Kook,Hate You,Jung Kook,2025-03-26,2025-03-24,42,45,-3,79,79,0,45,0,5,0.0,Medium (4–7 days),album,11,2.5706,False,Clean
Holssi - IU,Holssi,IU,2025-03-15,2025-03-13,28,30,-2,71,71,0,30,0,9,0.0,Strong (8–14 days),single,5,3.1797666666666666,False,Clean
Holssi - IU,Holssi,IU,2025-03-26,2025-03-23,49,48,1,70,70,0,48,1,1,0.6,Short (1–3 days),single,5,3.1797666666666666,False,Clean
Home - Lim Young Woong,Home,Lim Young Woong,2025-07-12,2025-07-10,19,19,0,65,65,0,16,3,32,1.7999999999999998,Long (15+ days),single,2,3.9222166666666665,False,Clean
Home - Lim Young Woong,Home,Lim Young Woong,2025-08-14,2025-08-12,18,20,-2,65,65,0,16,2,73,1.2,Long (15+ days),single,2,3.9222166666666665,False,Clean
Home - Lim Young Woong,Home,Lim Young Woong,2025-11-01,2025-10-25,49,50,-1,62,62,0,38,11,22,6.6,Long (15+ days),single,2,3.9222166666666665,False,Clean
How Sweet - NewJeans,How Sweet,NewJeans,2025-07-12,2025-07-10,9,8,1,84,84,0,8,1,32,0.6,Long (15+ days),single,4,3.6504333333333334,False,Clean
How Sweet - NewJeans,How Sweet,NewJeans,2025-08-14,2025-08-12,12,12,0,83,83,0,11,1,106,0.6,Long (15+ days),single,4,3.6504333333333334,False,Clean
"How can I love the heartbreak, you're the one I love - AKMU","How can I love the heartbreak, you're the one I love",AKMU,2025-10-24,2025-10-22,44,44,0,61,61,0,34,10,24,6.0,Long (15+ days),album,10,4.8349166666666665,False,Clean
"How can I love the heartbreak, you're the one I love - AKMU","How can I love the heartbreak, you're the one I love",AKMU,2025-11-18,2025-11-16,48,49,-1,62,62,0,49,0,1,0.0,Short (1–3 days),album,10,4.8349166666666665,False,Clean
Hype Boy - NewJeans,Hype Boy,NewJeans,2024-10-22,2024-10-20,48,50,-2,85,85,0,29,19,1,11.4,Short (1–3 days),single,4,2.9837666666666665,False,Clean
Hype Boy - NewJeans,Hype Boy,NewJeans,2024-12-11,2024-10-22,50,50,0,85,84,-1,29,21,1,12.6,Short (1–3 days),single,4,2.9837666666666665,False,Clean
Hype Boy - NewJeans,Hype Boy,NewJeans,2024-12-30,2024-12-11,50,46,4,84,81,-3,29,21,1,12.6,Short (1–3 days),single,4,2.9837666666666665,False,Clean
Hype Boy - NewJeans,Hype Boy,NewJeans,2025-01-04,2024-12-30,46,48,-2,81,83,2,29,17,12,11.0,Strong (8–14 days),single,4,2.9837666666666665,False,Clean
Hype Boy - NewJeans,Hype Boy,NewJeans,2025-02-10,2025-01-15,46,49,-3,84,84,0,29,17,1,10.2,Short (1–3 days),single,4,2.9837666666666665,False,Clean
Hype Boy - NewJeans,Hype Boy,NewJeans,2025-03-26,2025-02-10,49,47,2,84,80,-4,29,20,1,12.0,Short (1–3 days),single,4,2.9837666666666665,False,Clean
Hype Boy - NewJeans,Hype Boy,NewJeans,2025-03-30,2025-03-26,47,50,-3,80,80,0,29,18,1,10.799999999999999,Short (1–3 days),single,4,2.9837666666666665,False,Clean
Hype Boy - NewJeans,Hype Boy,NewJeans,2025-04-01,2025-03-30,50,46,4,80,80,0,29,21,2,12.6,Short (1–3 days),single,4,2.9837666666666665,False,Clean
Hype Boy - NewJeans,Hype Boy,NewJeans,2025-04-04,2025-04-02,49,48,1,80,80,0,29,20,1,12.0,Short (1–3 days),single,4,2.9837666666666665,False,Clean
Hype Boy - NewJeans,Hype Boy,NewJeans,2025-04-11,2025-04-04,48,46,2,80,80,0,29,19,6,11.4,Medium (4–7 days),single,4,2.9837666666666665,False,Clean
Hype Boy - NewJeans,Hype Boy,NewJeans,2025-04-27,2025-04-16,48,45,3,80,80,0,29,19,29,11.4,Long (15+ days),single,4,2.9837666666666665,False,Clean
Hype Boy - NewJeans,Hype Boy,NewJeans,2025-05-27,2025-05-25,43,49,-6,80,80,0,29,14,45,8.4,Long (15+ days),single,4,2.9837666666666665,False,Clean
Hype Boy - NewJeans,Hype Boy,NewJeans,2025-07-12,2025-07-10,41,35,6,78,78,0,32,9,32,5.3999999999999995,Long (15+ days),single,4,2.9837666666666665,False,Clean
Hype Boy - NewJeans,Hype Boy,NewJeans,2025-08-14,2025-08-12,40,36,4,79,79,0,34,6,14,3.5999999999999996,Strong (8–14 days),single,4,2.9837666666666665,False,Clean
Hype Boy - NewJeans,Hype Boy,NewJeans,2025-08-31,2025-08-27,44,47,-3,79,79,0,44,0,1,0.0,Short (1–3 days),single,4,2.9837666666666665,False,Clean
Hype Boy - NewJeans,Hype Boy,NewJeans,2025-09-07,2025-08-31,47,46,1,79,79,0,44,3,6,1.7999999999999998,Medium (4–7 days),single,4,2.9837666666666665,False,Clean
Hype Boy - NewJeans,Hype Boy,NewJeans,2025-09-14,2025-09-12,46,50,-4,79,79,0,44,2,1,1.2,Short (1–3 days),single,4,2.9837666666666665,False,Clean
Hype Boy - NewJeans,Hype Boy,NewJeans,2025-09-16,2025-09-14,50,44,6,79,79,0,44,6,5,3.5999999999999996,Medium (4–7 days),single,4,2.9837666666666665,False,Clean
Hype Boy - NewJeans,Hype Boy,NewJeans,2025-09-23,2025-09-20,50,50,0,79,79,0,49,1,2,0.6,Short (1–3 days),single,4,2.9837666666666665,False,Clean
Hype Boy - NewJeans,Hype Boy,NewJeans,2025-09-29,2025-09-24,49,49,0,79,78,-1,49,0,2,0.0,Short (1–3 days),single,4,2.9837666666666665,False,Clean
Hype Boy - NewJeans,Hype Boy,NewJeans,2025-10-13,2025-09-30,50,50,0,78,77,-1,50,0,1,0.0,Short (1–3 days),single,4,2.9837666666666665,False,Clean
I Don’t Think That I Like Her - Charlie Puth,I Don’t Think That I Like Her,Charlie Puth,2024-06-16,2024-05-29,47,49,-2,72,73,1,46,1,1,1.0,Short (1–3 days),album,12,3.141783333333333,False,Clean
I Don’t Think That I Like Her - Charlie Puth,I Don’t Think That I Like Her,Charlie Puth,2024-06-18,2024-06-16,49,49,0,73,73,0,46,3,3,1.7999999999999998,Short (1–3 days),album,12,3.141783333333333,False,Clean
I Don’t Think That I Like Her - Charlie Puth,I Don’t Think That I Like Her,Charlie Puth,2024-06-25,2024-06-20,49,48,1,73,73,0,48,1,2,0.6,Short (1–3 days),album,12,3.141783333333333,False,Clean
I Don’t Think That I Like Her - Charlie Puth,I Don’t Think That I Like Her,Charlie Puth,2024-07-01,2024-06-26,48,50,-2,73,74,1,50,0,1,0.4,Short (1–3 days),album,12,3.141783333333333,False,Clean
I Had Some Help (Feat. Morgan Wallen) - Post Malone & Morgan Wallen,I Had Some Help (Feat. Morgan Wallen),Post Malone & Morgan Wallen,2025-05-23,2025-05-19,45,50,-5,93,95,2,50,0,1,0.8,Short (1–3 days),single,1,2.970083333333333,True,Explicit
I Like Me Better - Lauv,I Like Me Better,Lauv,2025-03-03,2025-03-01,38,36,2,84,84,0,36,2,1,1.2,Short (1–3 days),album,17,3.2906,False,Clean
I Love You - Lim Young Woong,I Love You,Lim Young Woong,2024-05-30,2024-05-27,47,46,1,56,56,0,24,23,2,13.799999999999999,Short (1–3 days),album,12,3.9837666666666665,False,Clean
I Love You - Lim Young Woong,I Love You,Lim Young Woong,2024-06-03,2024-05-31,50,44,6,56,56,0,24,26,4,15.6,Medium (4–7 days),album,12,3.9837666666666665,False,Clean
I Love You - Lim Young Woong,I Love You,Lim Young Woong,2024-06-10,2024-06-06,43,46,-3,56,56,0,24,19,2,11.4,Short (1–3 days),album,12,3.9837666666666665,False,Clean
I Love You - Lim Young Woong,I Love You,Lim Young Woong,2024-06-13,2024-06-11,50,46,4,56,56,0,24,26,2,15.6,Short (1–3 days),album,12,3.9837666666666665,False,Clean
I Love You - Lim Young Woong,I Love You,Lim Young Woong,2024-09-25,2024-06-14,50,48,2,56,55,-1,24,26,2,15.6,Short (1–3 days),album,12,3.9837666666666665,False,Clean
I Love You - Lim Young Woong,I Love You,Lim Young Woong,2024-10-17,2024-09-26,48,49,-1,55,56,1,24,24,2,14.799999999999999,Short (1–3 days),album,12,3.9837666666666665,False,Clean
I Love You - Lim Young Woong,I Love You,Lim Young Woong,2024-10-22,2024-10-18,49,45,4,56,57,1,24,25,117,15.4,Long (15+ days),album,12,3.9837666666666665,False,Clean
I Love You - Lim Young Woong,I Love You,Lim Young Woong,2025-02-18,2025-02-15,50,47,3,58,58,0,42,8,3,4.8,Short (1–3 days),album,12,3.9837666666666665,False,Clean
I Love You - Lim Young Woong,I Love You,Lim Young Woong,2025-02-23,2025-02-20,42,50,-8,58,58,0,46,0,1,0.0,Short (1–3 days),album,12,3.9837666666666665,False,Clean
I Love You - Lim Young Woong,I Love You,Lim Young Woong,2025-02-26,2025-02-23,50,48,2,58,58,0,46,4,3,2.4,Short (1–3 days),album,12,3.9837666666666665,False,Clean
I Love You - Lim Young Woong,I Love You,Lim Young Woong,2025-03-04,2025-02-28,49,50,-1,58,57,-1,46,3,2,1.7999999999999998,Short (1–3 days),album,12,3.9837666666666665,False,Clean
I Love You - Lim Young Woong,I Love You,Lim Young Woong,2025-03-09,2025-03-05,50,46,4,57,57,0,46,4,1,2.4,Short (1–3 days),album,12,3.9837666666666665,False,Clean
I will come to you - Jin,I will come to you,Jin,2025-11-23,2025-11-21,37,47,-10,43,53,10,30,7,5,8.2,Medium (4–7 days),single,6,2.6160666666666668,False,Clean
If I have you only (My love X Nerd Connection) - Nerd Connection,If I have you only (My love X Nerd Connection),Nerd Connection,2025-04-09,2025-04-02,50,47,3,53,53,0,31,19,1,11.4,Short (1–3 days),single,2,4.176216666666667,False,Clean
If I have you only (My love X Nerd Connection) - Nerd Connection,If I have you only (My love X Nerd Connection),Nerd Connection,2025-04-12,2025-04-09,47,43,4,53,54,1,31,16,5,10.0,Medium (4–7 days),single,2,4.176216666666667,False,Clean
If I have you only (My love X Nerd Connection) - Nerd Connection,If I have you only (My love X Nerd Connection),Nerd Connection,2025-04-18,2025-04-16,45,49,-4,54,54,0,31,14,9,8.4,Strong (8–14 days),single,2,4.176216666666667,False,Clean
If I have you only (My love X Nerd Connection) - Nerd Connection,If I have you only (My love X Nerd Connection),Nerd Connection,2025-09-02,2025-04-26,44,46,-2,55,53,-2,31,13,2,7.8,Short (1–3 days),single,2,4.176216666666667,False,Clean
If I have you only (My love X Nerd Connection) - Nerd Connection,If I have you only (My love X Nerd Connection),Nerd Connection,2025-09-07,2025-09-03,46,48,-2,53,53,0,31,15,1,9.0,Short (1–3 days),single,2,4.176216666666667,False,Clean
If I have you only (My love X Nerd Connection) - Nerd Connection,If I have you only (My love X Nerd Connection),Nerd Connection,2025-09-09,2025-09-07,48,43,5,53,53,0,31,17,2,10.2,Short (1–3 days),single,2,4.176216666666667,False,Clean
If I have you only (My love X Nerd Connection) - Nerd Connection,If I have you only (My love X Nerd Connection),Nerd Connection,2025-09-15,2025-09-10,43,50,-7,53,53,0,31,12,12,7.199999999999999,Strong (8–14 days),single,2,4.176216666666667,False,Clean
If I have you only (My love X Nerd Connection) - Nerd Connection,If I have you only (My love X Nerd Connection),Nerd Connection,2025-09-29,2025-09-26,46,42,4,54,53,-1,31,15,22,9.0,Long (15+ days),single,2,4.176216666666667,False,Clean
If I have you only (My love X Nerd Connection) - Nerd Connection,If I have you only (My love X Nerd Connection),Nerd Connection,2025-10-22,2025-10-20,47,50,-3,54,54,0,50,0,1,0.0,Short (1–3 days),single,2,4.176216666666667,False,Clean
"If I’m S, Can You Be My N? - TWS","If I’m S, Can You Be My N?",TWS,2025-07-12,2025-07-10,39,34,5,67,67,0,32,7,12,4.2,Strong (8–14 days),single,6,2.8004333333333333,False,Clean
If We Ever Meet Again - Lim Young Woong,If We Ever Meet Again,Lim Young Woong,2024-07-30,2024-07-28,43,40,3,61,61,0,12,31,228,18.599999999999998,Long (15+ days),album,12,4.5731,False,Clean
If We Ever Meet Again - Lim Young Woong,If We Ever Meet Again,Lim Young Woong,2025-03-15,2025-03-13,21,22,-1,61,60,-1,22,0,10,0.0,Strong (8–14 days),album,12,4.5731,False,Clean
If We Ever Meet Again - Lim Young Woong,If We Ever Meet Again,Lim Young Woong,2025-03-26,2025-03-24,26,24,2,60,59,-1,23,3,62,1.7999999999999998,Long (15+ days),album,12,4.5731,False,Clean
If We Ever Meet Again - Lim Young Woong,If We Ever Meet Again,Lim Young Woong,2025-05-29,2025-05-26,47,47,0,58,58,0,29,18,43,10.799999999999999,Long (15+ days),album,12,4.5731,False,Clean
If We Ever Meet Again - Lim Young Woong,If We Ever Meet Again,Lim Young Woong,2025-07-12,2025-07-10,32,32,0,57,57,0,29,3,32,1.7999999999999998,Long (15+ days),album,12,4.5731,False,Clean
If We Ever Meet Again - Lim Young Woong,If We Ever Meet Again,Lim Young Woong,2025-08-14,2025-08-12,31,32,-1,58,58,0,31,0,47,0.0,Long (15+ days),album,12,4.5731,False,Clean
If We Ever Meet Again - Lim Young Woong,If We Ever Meet Again,Lim Young Woong,2025-10-01,2025-09-29,43,48,-5,56,56,0,46,0,5,0.0,Medium (4–7 days),album,12,4.5731,False,Clean
If We Ever Meet Again - Lim Young Woong,If We Ever Meet Again,Lim Young Woong,2025-10-07,2025-10-05,48,50,-2,55,55,0,46,2,5,1.2,Medium (4–7 days),album,12,4.5731,False,Clean
Impossible - RIIZE,Impossible,RIIZE,2025-06-18,2025-05-25,46,49,-3,69,63,-6,44,2,4,1.2,Medium (4–7 days),single,2,3.038866666666667,False,Clean
In Bloom - ZEROBASEONE,In Bloom,ZEROBASEONE,2024-07-17,2024-07-14,44,48,-4,73,76,3,48,0,3,1.2000000000000002,Short (1–3 days),single,6,3.0164666666666666,False,Clean
In Bloom - ZEROBASEONE,In Bloom,ZEROBASEONE,2024-07-22,2024-07-19,49,50,-1,78,79,1,50,0,1,0.4,Short (1–3 days),single,6,3.0164666666666666,False,Clean
Interlude : Dive - Jimin,Interlude : Dive,Jimin,2024-05-24,2024-05-20,38,48,-10,78,77,-1,7,31,66,18.599999999999998,Long (15+ days),single,6,2.1832666666666665,False,Clean
Interlude : Dive - Jimin,Interlude : Dive,Jimin,2024-07-30,2024-07-28,45,44,1,78,78,0,14,31,45,18.599999999999998,Long (15+ days),single,6,2.1832666666666665,False,Clean
Interlude : Dive - Jimin,Interlude : Dive,Jimin,2024-09-14,2024-09-12,32,26,6,77,77,0,15,17,14,10.2,Strong (8–14 days),single,6,2.1832666666666665,False,Clean
Interlude : Dive - Jimin,Interlude : Dive,Jimin,2024-09-29,2024-09-27,45,35,10,76,76,0,15,30,1,18.0,Short (1–3 days),single,6,2.1832666666666665,False,Clean
Interlude : Dive - Jimin,Interlude : Dive,Jimin,2024-10-06,2024-09-29,35,37,-2,76,77,1,15,20,4,12.4,Medium (4–7 days),single,6,2.1832666666666665,False,Clean
Interlude : Dive - Jimin,Interlude : Dive,Jimin,2024-10-12,2024-10-09,45,39,6,77,77,0,15,30,1,18.0,Short (1–3 days),single,6,2.1832666666666665,False,Clean
Interlude : Dive - Jimin,Interlude : Dive,Jimin,2024-10-14,2024-10-12,39,46,-7,77,77,0,15,24,2,14.399999999999999,Short (1–3 days),single,6,2.1832666666666665,False,Clean
Interlude : Dive - Jimin,Interlude : Dive,Jimin,2024-10-17,2024-10-15,46,42,4,78,78,0,15,31,4,18.599999999999998,Medium (4–7 days),single,6,2.1832666666666665,False,Clean
Interlude : Dive - Jimin,Interlude : Dive,Jimin,2024-10-22,2024-10-20,31,35,-4,78,79,1,15,16,98,10.0,Long (15+ days),single,6,2.1832666666666665,False,Clean
Interlude : Dive - Jimin,Interlude : Dive,Jimin,2025-01-30,2025-01-27,34,44,-10,77,77,0,15,19,2,11.4,Short (1–3 days),single,6,2.1832666666666665,False,Clean
Interlude : Dive - Jimin,Interlude : Dive,Jimin,2025-02-02,2025-01-31,36,47,-11,77,77,0,15,21,1,12.6,Short (1–3 days),single,6,2.1832666666666665,False,Clean
Interlude : Dive - Jimin,Interlude : Dive,Jimin,2025-02-04,2025-02-02,47,48,-1,77,77,0,15,32,3,19.2,Short (1–3 days),single,6,2.1832666666666665,False,Clean
Interlude : Dive - Jimin,Interlude : Dive,Jimin,2025-02-08,2025-02-06,39,49,-10,77,77,0,15,24,4,14.399999999999999,Medium (4–7 days),single,6,2.1832666666666665,False,Clean
Interlude : Dive - Jimin,Interlude : Dive,Jimin,2025-02-14,2025-02-11,42,24,18,77,76,-1,15,27,8,16.2,Strong (8–14 days),single,6,2.1832666666666665,False,Clean
Interlude : Dive - Jimin,Interlude : Dive,Jimin,2025-02-24,2025-02-21,44,39,5,76,76,0,15,29,8,17.4,Strong (8–14 days),single,6,2.1832666666666665,False,Clean
Interlude : Dive - Jimin,Interlude : Dive,Jimin,2025-03-06,2025-03-02,34,43,-9,76,75,-1,15,19,8,11.4,Strong (8–14 days),single,6,2.1832666666666665,False,Clean
Interlude : Dive - Jimin,Interlude : Dive,Jimin,2025-03-15,2025-03-13,33,34,-1,75,75,0,15,18,10,10.799999999999999,Strong (8–14 days),single,6,2.1832666666666665,False,Clean
Interlude : Dive - Jimin,Interlude : Dive,Jimin,2025-03-26,2025-03-24,27,27,0,74,74,0,15,12,65,7.199999999999999,Long (15+ days),single,6,2.1832666666666665,False,Clean
Interlude : Dive - Jimin,Interlude : Dive,Jimin,2025-06-05,2025-05-29,43,41,2,85,82,-3,37,6,4,3.5999999999999996,Medium (4–7 days),single,6,2.1832666666666665,False,Clean
Interlude : Dive - Jimin,Interlude : Dive,Jimin,2025-06-12,2025-06-08,50,46,4,82,75,-7,37,13,12,7.8,Strong (8–14 days),single,6,2.1832666666666665,False,Clean
Interlude : Dive - Jimin,Interlude : Dive,Jimin,2025-06-28,2025-06-23,50,47,3,74,77,3,42,8,2,6.0,Short (1–3 days),single,6,2.1832666666666665,False,Clean
Interlude : Showtime - Jimin,Interlude : Showtime,Jimin,2025-08-14,2025-08-12,13,15,-2,77,77,0,8,5,106,3.0,Long (15+ days),album,7,1.3082,False,Clean
Intro: Singularity - BTS,Intro: Singularity,BTS,2024-08-21,2024-08-18,45,49,-4,70,71,1,45,0,3,0.4,Short (1–3 days),album,11,3.2833,False,Clean
Intro: Singularity - BTS,Intro: Singularity,BTS,2024-08-27,2024-08-23,50,49,1,71,71,0,45,5,2,3.0,Short (1–3 days),album,11,3.2833,False,Clean
I’ll See You There Tomorrow - TOMORROW X TOGETHER,I’ll See You There Tomorrow,TOMORROW X TOGETHER,2025-04-23,2025-04-20,42,45,-3,78,78,0,43,0,4,0.0,Medium (4–7 days),album,7,3.2782333333333336,False,Clean
Jealousyvalhalla - YANGHONGWON,Jealousyvalhalla,YANGHONGWON,2025-05-26,2025-05-22,44,16,28,46,48,2,16,28,1,17.6,Short (1–3 days),single,1,2.4697666666666667,False,Clean
K-POP - Travis Scott & Bad Bunny & The Weeknd,K-POP,Travis Scott & Bad Bunny & The Weeknd,2024-07-29,2024-07-26,47,46,1,4,91,87,46,1,2,35.400000000000006,Short (1–3 days),single,1,3.087,True,Explicit
Kill Bill - SZA,Kill Bill,SZA,2024-05-21,2024-05-19,46,46,0,94,94,0,40,6,20,3.5999999999999996,Long (15+ days),album,23,2.5657666666666668,False,Clean
Kill Bill - SZA,Kill Bill,SZA,2024-06-11,2024-06-09,49,49,0,94,94,0,42,7,9,4.2,Strong (8–14 days),album,23,2.5657666666666668,False,Clean
Kill Bill - SZA,Kill Bill,SZA,2024-06-23,2024-06-19,47,47,0,94,94,0,42,5,12,3.0,Strong (8–14 days),album,23,2.5657666666666668,False,Clean
Kitsch - IVE,Kitsch,IVE,2024-08-17,2024-08-15,50,49,1,77,77,0,49,1,1,0.6,Short (1–3 days),album,11,3.2573333333333334,False,Clean
Kitsch - IVE,Kitsch,IVE,2024-08-19,2024-08-17,49,50,-1,77,76,-1,50,0,1,0.0,Short (1–3 days),album,11,3.2573333333333334,False,Clean
Klaxon - (G)I-DLE,Klaxon,(G)I-DLE,2025-07-27,2025-07-24,47,47,0,72,74,2,36,11,17,7.3999999999999995,Long (15+ days),single,4,2.918433333333333,False,Clean
Klaxon - (G)I-DLE,Klaxon,(G)I-DLE,2025-08-15,2025-08-12,48,45,3,75,75,0,45,3,2,1.7999999999999998,Short (1–3 days),single,4,2.918433333333333,False,Clean
LOVE DIVE - IVE,LOVE DIVE,IVE,2024-05-21,2024-05-19,48,49,-1,83,83,0,48,0,2,0.0,Short (1–3 days),single,2,2.9531,False,Clean
LOVE DIVE - IVE,LOVE DIVE,IVE,2024-05-29,2024-05-22,50,49,1,83,83,0,48,2,1,1.2,Short (1–3 days),single,2,2.9531,False,Clean
LOVE DIVE - IVE,LOVE DIVE,IVE,2024-06-19,2024-05-29,49,48,1,83,83,0,48,1,1,0.6,Short (1–3 days),single,2,2.9531,False,Clean
Last Christmas - Single Version - Wham!,Last Christmas - Single Version,Wham!,2024-12-23,2024-12-19,47,42,5,89,89,0,13,34,5,20.4,Medium (4–7 days),album,16,4.432666666666667,False,Clean
Left and Right (Feat. Jung Kook of BTS) - Charlie Puth,Left and Right (Feat. Jung Kook of BTS),Charlie Puth,2024-10-26,2024-10-23,32,30,2,84,83,-1,15,17,5,10.2,Medium (4–7 days),album,12,2.5747666666666666,False,Clean
Left and Right (Feat. Jung Kook of BTS) - Charlie Puth,Left and Right (Feat. Jung Kook of BTS),Charlie Puth,2024-11-28,2024-10-30,19,29,-10,83,82,-1,19,0,4,0.0,Medium (4–7 days),album,12,2.5747666666666666,False,Clean
Left and Right (Feat. Jung Kook of BTS) - Charlie Puth,Left and Right (Feat. Jung Kook of BTS),Charlie Puth,2024-12-28,2024-12-01,22,42,-20,82,79,-3,33,0,23,0.0,Long (15+ days),album,12,2.5747666666666666,False,Clean
Left and Right (Feat. Jung Kook of BTS) - Charlie Puth,Left and Right (Feat. Jung Kook of BTS),Charlie Puth,2025-01-21,2025-01-19,48,44,4,83,83,0,33,15,4,9.0,Medium (4–7 days),album,12,2.5747666666666666,False,Clean
Left and Right (Feat. Jung Kook of BTS) - Charlie Puth,Left and Right (Feat. Jung Kook of BTS),Charlie Puth,2025-01-28,2025-01-24,50,50,0,83,83,0,33,17,2,10.2,Short (1–3 days),album,12,2.5747666666666666,False,Clean
Left and Right (Feat. Jung Kook of BTS) - Charlie Puth,Left and Right (Feat. Jung Kook of BTS),Charlie Puth,2025-02-10,2025-01-29,50,46,4,83,83,0,33,17,1,10.2,Short (1–3 days),album,12,2.5747666666666666,False,Clean
Left and Right (Feat. Jung Kook of BTS) - Charlie Puth,Left and Right (Feat. Jung Kook of BTS),Charlie Puth,2025-08-18,2025-02-10,46,47,-1,83,78,-5,33,13,4,7.8,Medium (4–7 days),album,12,2.5747666666666666,False,Clean
Left and Right (Feat. Jung Kook of BTS) - Charlie Puth,Left and Right (Feat. Jung Kook of BTS),Charlie Puth,2025-08-23,2025-08-21,48,43,5,78,78,0,33,15,24,9.0,Long (15+ days),album,12,2.5747666666666666,False,Clean
Let's Say Goodbye - Parc Jae Jung,Let's Say Goodbye,Parc Jae Jung,2024-07-30,2024-07-28,39,38,1,53,53,0,30,9,45,5.3999999999999995,Long (15+ days),album,10,4.064216666666667,False,Clean
Let's Say Goodbye - Parc Jae Jung,Let's Say Goodbye,Parc Jae Jung,2024-09-14,2024-09-12,48,46,2,55,55,0,37,11,18,6.6,Long (15+ days),album,10,4.064216666666667,False,Clean
Like Crazy (Deep House Remix) - Jimin,Like Crazy (Deep House Remix),Jimin,2024-05-28,2024-05-20,46,43,3,74,73,-1,33,13,1,7.8,Short (1–3 days),single,5,3.0119833333333332,False,Clean
Like Crazy (Deep House Remix) - Jimin,Like Crazy (Deep House Remix),Jimin,2024-05-30,2024-05-28,43,48,-5,73,72,-1,33,10,1,6.0,Short (1–3 days),single,5,3.0119833333333332,False,Clean
Like Crazy (Deep House Remix) - Jimin,Like Crazy (Deep House Remix),Jimin,2024-06-01,2024-05-30,48,47,1,72,72,0,33,15,3,9.0,Short (1–3 days),single,5,3.0119833333333332,False,Clean
Like Crazy (Deep House Remix) - Jimin,Like Crazy (Deep House Remix),Jimin,2024-06-08,2024-06-03,46,45,1,72,72,0,33,13,1,7.8,Short (1–3 days),single,5,3.0119833333333332,False,Clean
Like Crazy (Deep House Remix) - Jimin,Like Crazy (Deep House Remix),Jimin,2024-06-10,2024-06-08,45,45,0,72,71,-1,33,12,8,7.199999999999999,Strong (8–14 days),single,5,3.0119833333333332,False,Clean
Like Crazy (Deep House Remix) - Jimin,Like Crazy (Deep House Remix),Jimin,2024-06-20,2024-06-17,46,43,3,71,71,0,33,13,5,7.8,Medium (4–7 days),single,5,3.0119833333333332,False,Clean
Like Crazy (Deep House Remix) - Jimin,Like Crazy (Deep House Remix),Jimin,2024-06-27,2024-06-24,47,45,2,71,71,0,38,9,5,5.3999999999999995,Medium (4–7 days),single,5,3.0119833333333332,False,Clean
Like Crazy (Deep House Remix) - Jimin,Like Crazy (Deep House Remix),Jimin,2024-07-03,2024-07-01,39,49,-10,71,71,0,46,0,1,0.0,Short (1–3 days),single,5,3.0119833333333332,False,Clean
Like Crazy (Deep House Remix) - Jimin,Like Crazy (Deep House Remix),Jimin,2024-07-09,2024-07-03,49,46,3,71,71,0,46,3,1,1.7999999999999998,Short (1–3 days),single,5,3.0119833333333332,False,Clean
Like Crazy (English Version) - Jimin,Like Crazy (English Version),Jimin,2025-03-15,2025-03-13,3,4,-1,79,79,0,2,1,10,0.6,Strong (8–14 days),single,6,3.53755,False,Clean
Like Crazy (English Version) - Jimin,Like Crazy (English Version),Jimin,2025-03-26,2025-03-24,3,3,0,78,78,0,2,1,107,0.6,Long (15+ days),single,6,3.53755,False,Clean
Like Crazy (English Version) - Jimin,Like Crazy (English Version),Jimin,2025-07-12,2025-07-10,6,7,-1,74,74,0,6,0,12,0.0,Strong (8–14 days),single,6,3.53755,False,Clean
Like Crazy (Instrumental) - Jimin,Like Crazy (Instrumental),Jimin,2024-06-14,2024-06-12,47,49,-2,68,68,0,41,6,2,3.5999999999999996,Short (1–3 days),single,5,3.5369333333333333,False,Clean
Like Crazy (Instrumental) - Jimin,Like Crazy (Instrumental),Jimin,2024-06-21,2024-06-15,48,41,7,68,68,0,41,7,2,4.2,Short (1–3 days),single,5,3.5369333333333333,False,Clean
Like Crazy (UK Garage Remix) - Jimin,Like Crazy (UK Garage Remix),Jimin,2024-05-28,2024-05-20,47,44,3,73,72,-1,35,12,1,7.199999999999999,Short (1–3 days),single,5,3.5065833333333334,False,Clean
Like Crazy (UK Garage Remix) - Jimin,Like Crazy (UK Garage Remix),Jimin,2024-06-01,2024-05-28,44,50,-6,72,72,0,35,9,1,5.3999999999999995,Short (1–3 days),single,5,3.5065833333333334,False,Clean
Like Crazy (UK Garage Remix) - Jimin,Like Crazy (UK Garage Remix),Jimin,2024-06-03,2024-06-01,50,49,1,72,72,0,35,15,1,9.0,Short (1–3 days),single,5,3.5065833333333334,False,Clean
Like Crazy (UK Garage Remix) - Jimin,Like Crazy (UK Garage Remix),Jimin,2024-06-08,2024-06-03,49,49,0,72,71,-1,35,14,1,8.4,Short (1–3 days),single,5,3.5065833333333334,False,Clean
Like Crazy (UK Garage Remix) - Jimin,Like Crazy (UK Garage Remix),Jimin,2024-06-10,2024-06-08,49,48,1,71,71,0,35,14,8,8.4,Strong (8–14 days),single,5,3.5065833333333334,False,Clean
Like Crazy (UK Garage Remix) - Jimin,Like Crazy (UK Garage Remix),Jimin,2024-06-20,2024-06-17,48,42,6,71,71,0,35,13,5,7.8,Medium (4–7 days),single,5,3.5065833333333334,False,Clean
Like Crazy (UK Garage Remix) - Jimin,Like Crazy (UK Garage Remix),Jimin,2024-06-27,2024-06-24,49,46,3,71,71,0,40,9,5,5.3999999999999995,Medium (4–7 days),single,5,3.5065833333333334,False,Clean
Like Crazy (UK Garage Remix) - Jimin,Like Crazy (UK Garage Remix),Jimin,2024-07-03,2024-07-01,42,50,-8,71,71,0,50,0,1,0.0,Short (1–3 days),single,5,3.5065833333333334,False,Clean
Like Crazy - Jimin,Like Crazy,Jimin,2025-03-15,2025-03-13,1,1,0,91,91,0,1,0,10,0.0,Strong (8–14 days),single,6,3.53735,False,Clean
Like Crazy - Jimin,Like Crazy,Jimin,2025-03-26,2025-03-24,1,1,0,90,90,0,1,0,107,0.0,Long (15+ days),single,6,3.53735,False,Clean
Like Crazy - Jimin,Like Crazy,Jimin,2025-07-12,2025-07-10,1,1,0,88,88,0,1,0,32,0.0,Long (15+ days),single,6,3.53735,False,Clean
Like Crazy - Jimin,Like Crazy,Jimin,2025-08-14,2025-08-12,14,17,-3,85,84,-1,8,6,21,3.5999999999999996,Long (15+ days),single,6,3.53735,False,Clean
Like Crazy - Jimin,Like Crazy,Jimin,2025-09-05,2025-09-03,38,33,5,81,80,-1,8,30,84,18.0,Long (15+ days),single,6,3.53735,False,Clean
Like That - Future & Metro Boomin,Like That,Future & Metro Boomin,2025-03-29,2025-03-27,48,46,2,87,90,3,45,3,3,3.0,Short (1–3 days),album,17,4.461766666666667,True,Explicit
Lilith (feat. SUGA of BTS) (Diablo IV Anthem) - Halsey & SUGA,Lilith (feat. SUGA of BTS) (Diablo IV Anthem),Halsey & SUGA,2024-07-22,2024-07-19,47,46,1,86,85,-1,36,11,7,6.6,Medium (4–7 days),single,1,3.01555,True,Explicit
Lilith (feat. SUGA of BTS) (Diablo IV Anthem) - Halsey & SUGA,Lilith (feat. SUGA of BTS) (Diablo IV Anthem),Halsey & SUGA,2024-07-31,2024-07-28,50,41,9,84,84,0,36,14,6,8.4,Medium (4–7 days),single,1,3.01555,True,Explicit
Lilith (feat. SUGA of BTS) (Diablo IV Anthem) - Halsey & SUGA,Lilith (feat. SUGA of BTS) (Diablo IV Anthem),Halsey & SUGA,2024-08-07,2024-08-05,45,49,-4,83,82,-1,36,9,17,5.3999999999999995,Long (15+ days),single,1,3.01555,True,Explicit
Lilith (feat. SUGA of BTS) (Diablo IV Anthem) - Halsey & SUGA,Lilith (feat. SUGA of BTS) (Diablo IV Anthem),Halsey & SUGA,2024-08-25,2024-08-23,46,50,-4,80,80,0,47,0,2,0.0,Short (1–3 days),single,1,3.01555,True,Explicit
Lilith (feat. SUGA of BTS) (Diablo IV Anthem) - Halsey & SUGA,Lilith (feat. SUGA of BTS) (Diablo IV Anthem),Halsey & SUGA,2024-08-30,2024-08-26,48,47,1,80,79,-1,47,1,4,0.6,Medium (4–7 days),single,1,3.01555,True,Explicit
Lilith (feat. SUGA of BTS) (Diablo IV Anthem) - Halsey & SUGA,Lilith (feat. SUGA of BTS) (Diablo IV Anthem),Halsey & SUGA,2024-09-13,2024-09-02,48,49,-1,79,78,-1,49,0,1,0.0,Short (1–3 days),single,1,3.01555,True,Explicit
Little Light - DOYOUNG,Little Light,DOYOUNG,2025-05-01,2025-04-28,40,43,-3,67,69,2,43,0,4,0.8,Medium (4–7 days),album,10,3.7477666666666667,False,Clean
London Boy - Lim Young Woong,London Boy,Lim Young Woong,2025-03-15,2025-03-13,15,15,0,65,65,0,15,0,10,0.0,Strong (8–14 days),single,2,4.075,False,Clean
London Boy - Lim Young Woong,London Boy,Lim Young Woong,2025-03-26,2025-03-24,17,17,0,64,63,-1,16,1,107,0.6,Long (15+ days),single,2,4.075,False,Clean
London Boy - Lim Young Woong,London Boy,Lim Young Woong,2025-07-12,2025-07-10,24,26,-2,60,60,0,22,2,32,1.2,Long (15+ days),single,2,4.075,False,Clean
London Boy - Lim Young Woong,London Boy,Lim Young Woong,2025-08-14,2025-08-12,22,24,-2,61,61,0,24,0,61,0.0,Long (15+ days),single,2,4.075,False,Clean
London Boy - Lim Young Woong,London Boy,Lim Young Woong,2025-10-15,2025-10-13,45,45,0,58,58,0,45,0,4,0.0,Medium (4–7 days),single,2,4.075,False,Clean
London Boy - Lim Young Woong,London Boy,Lim Young Woong,2025-11-05,2025-10-18,45,49,-4,58,57,-1,49,0,1,0.0,Short (1–3 days),single,2,4.075,False,Clean
London Boy - Lim Young Woong,London Boy,Lim Young Woong,2025-11-08,2025-11-05,49,50,-1,57,57,0,49,0,2,0.0,Short (1–3 days),single,2,4.075,False,Clean
London Boy - Lim Young Woong,London Boy,Lim Young Woong,2025-11-13,2025-11-09,50,49,1,57,57,0,49,1,2,0.6,Short (1–3 days),single,2,4.075,False,Clean
London Boy - Lim Young Woong,London Boy,Lim Young Woong,2025-11-16,2025-11-14,49,50,-1,57,57,0,50,0,1,0.0,Short (1–3 days),single,2,4.075,False,Clean
London Boy - Lim Young Woong,London Boy,Lim Young Woong,2025-11-19,2025-11-16,50,50,0,57,57,0,50,0,1,0.0,Short (1–3 days),single,2,4.075,False,Clean
Lost and Found - KingLee & Lil' Flip,Lost and Found,KingLee & Lil' Flip,2025-01-16,2024-12-28,27,8,19,48,64,16,8,19,2,17.8,Short (1–3 days),single,1,3.650533333333333,True,Explicit
Love 119 - RIIZE,Love 119,RIIZE,2025-03-15,2025-03-13,26,26,0,71,70,-1,26,0,10,0.0,Strong (8–14 days),single,1,2.8914833333333334,False,Clean
Love 119 - RIIZE,Love 119,RIIZE,2025-03-26,2025-03-24,31,30,1,69,69,0,30,1,26,0.6,Long (15+ days),single,1,2.8914833333333334,False,Clean
Love 119 - RIIZE,Love 119,RIIZE,2025-04-23,2025-04-20,44,50,-6,69,69,0,40,4,5,2.4,Medium (4–7 days),single,1,2.8914833333333334,False,Clean
Love Always Run Away - Lim Young Woong,Love Always Run Away,Lim Young Woong,2024-05-23,2024-05-18,50,47,3,58,58,0,28,22,1,13.2,Short (1–3 days),single,2,4.046,False,Clean
Love Always Run Away - Lim Young Woong,Love Always Run Away,Lim Young Woong,2024-05-25,2024-05-23,47,50,-3,58,58,0,28,19,1,11.4,Short (1–3 days),single,2,4.046,False,Clean
Love Always Run Away - Lim Young Woong,Love Always Run Away,Lim Young Woong,2024-05-30,2024-05-25,50,49,1,58,58,0,28,22,2,13.2,Short (1–3 days),single,2,4.046,False,Clean
Love Always Run Away - Lim Young Woong,Love Always Run Away,Lim Young Woong,2024-06-02,2024-05-31,49,50,-1,58,58,0,28,21,2,12.6,Short (1–3 days),single,2,4.046,False,Clean
Love Always Run Away - Lim Young Woong,Love Always Run Away,Lim Young Woong,2024-06-05,2024-06-03,47,48,-1,58,58,0,28,19,3,11.4,Short (1–3 days),single,2,4.046,False,Clean
Love Always Run Away - Lim Young Woong,Love Always Run Away,Lim Young Woong,2024-06-09,2024-06-07,48,48,0,58,58,0,28,20,2,12.0,Short (1–3 days),single,2,4.046,False,Clean
Love Always Run Away - Lim Young Woong,Love Always Run Away,Lim Young Woong,2024-06-13,2024-06-10,47,47,0,58,58,0,28,19,1,11.4,Short (1–3 days),single,2,4.046,False,Clean
Love Always Run Away - Lim Young Woong,Love Always Run Away,Lim Young Woong,2024-08-09,2024-06-13,47,50,-3,58,57,-1,28,19,1,11.4,Short (1–3 days),single,2,4.046,False,Clean
Love Always Run Away - Lim Young Woong,Love Always Run Away,Lim Young Woong,2024-08-11,2024-08-09,50,50,0,57,57,0,28,22,1,13.2,Short (1–3 days),single,2,4.046,False,Clean
Love Always Run Away - Lim Young Woong,Love Always Run Away,Lim Young Woong,2024-10-02,2024-08-11,50,48,2,57,57,0,28,22,2,13.2,Short (1–3 days),single,2,4.046,False,Clean
Love Always Run Away - Lim Young Woong,Love Always Run Away,Lim Young Woong,2024-10-14,2024-10-03,48,49,-1,57,57,0,28,20,2,12.0,Short (1–3 days),single,2,4.046,False,Clean
Love Always Run Away - Lim Young Woong,Love Always Run Away,Lim Young Woong,2024-10-21,2024-10-15,49,47,2,58,58,0,28,21,112,12.6,Long (15+ days),single,2,4.046,False,Clean
Love Always Run Away - Lim Young Woong,Love Always Run Away,Lim Young Woong,2025-02-12,2025-02-09,50,46,4,59,59,0,43,7,1,4.2,Short (1–3 days),single,2,4.046,False,Clean
Love Always Run Away - Lim Young Woong,Love Always Run Away,Lim Young Woong,2025-02-19,2025-02-12,46,43,3,59,59,0,43,3,2,1.7999999999999998,Short (1–3 days),single,2,4.046,False,Clean
Love Lee - AKMU,Love Lee,AKMU,2024-11-12,2024-11-10,48,50,-2,81,81,0,50,0,1,0.0,Short (1–3 days),single,2,2.9947166666666667,False,Clean
Love Letter - Lim Young Woong,Love Letter,Lim Young Woong,2024-11-09,2024-11-02,50,49,1,57,57,0,32,18,42,10.799999999999999,Long (15+ days),album,12,3.584,False,Clean
Love Letter - Lim Young Woong,Love Letter,Lim Young Woong,2024-12-23,2024-12-20,43,49,-6,59,58,-1,41,2,2,1.2,Short (1–3 days),album,12,3.584,False,Clean
Love Letter - Lim Young Woong,Love Letter,Lim Young Woong,2024-12-28,2024-12-24,47,43,4,58,56,-2,41,6,9,3.5999999999999996,Strong (8–14 days),album,12,3.584,False,Clean
Love Letter - Lim Young Woong,Love Letter,Lim Young Woong,2025-01-07,2025-01-05,44,46,-2,58,58,0,41,3,10,1.7999999999999998,Strong (8–14 days),album,12,3.584,False,Clean
Love Letter - Lim Young Woong,Love Letter,Lim Young Woong,2025-01-18,2025-01-16,44,48,-4,58,58,0,46,0,3,0.0,Short (1–3 days),album,12,3.584,False,Clean
Love Letter - Lim Young Woong,Love Letter,Lim Young Woong,2025-01-22,2025-01-20,50,50,0,58,58,0,48,2,1,1.2,Short (1–3 days),album,12,3.584,False,Clean
Love Letter - Lim Young Woong,Love Letter,Lim Young Woong,2025-01-27,2025-01-22,50,48,2,58,58,0,48,2,4,1.2,Medium (4–7 days),album,12,3.584,False,Clean
Love Letter - Lim Young Woong,Love Letter,Lim Young Woong,2025-02-01,2025-01-30,49,49,0,58,57,-1,49,0,1,0.0,Short (1–3 days),album,12,3.584,False,Clean
Love Letter - Lim Young Woong,Love Letter,Lim Young Woong,2025-02-07,2025-02-01,49,50,-1,57,57,0,50,0,1,0.0,Short (1–3 days),album,12,3.584,False,Clean
Love Me Again - V,Love Me Again,V,2025-03-15,2025-03-13,18,17,1,89,89,0,11,7,10,4.2,Strong (8–14 days),single,2,3.0382166666666666,False,Clean
Love Me Again - V,Love Me Again,V,2025-03-26,2025-03-24,12,12,0,88,88,0,11,1,107,0.6,Long (15+ days),single,2,3.0382166666666666,False,Clean
Love Me Again - V,Love Me Again,V,2025-07-12,2025-07-10,29,30,-1,87,87,0,24,5,32,3.0,Long (15+ days),single,2,3.0382166666666666,False,Clean
Love Me Again - V,Love Me Again,V,2025-08-14,2025-08-12,26,31,-5,87,87,0,24,2,106,1.2,Long (15+ days),single,2,3.0382166666666666,False,Clean
Love Me Like This - NMIXX,Love Me Like This,NMIXX,2024-06-05,2024-06-02,46,50,-4,80,79,-1,50,0,1,0.0,Short (1–3 days),single,6,3.1453,False,Clean
Love Me Like This - NMIXX,Love Me Like This,NMIXX,2024-06-07,2024-06-05,50,50,0,79,30,-49,50,0,1,0.0,Short (1–3 days),single,6,3.1453,False,Clean
Love Station - Lim Young Woong,Love Station,Lim Young Woong,2024-11-20,2024-11-17,50,50,0,55,56,1,49,1,2,1.0,Short (1–3 days),album,12,3.1882166666666665,False,Clean
Love Station - Lim Young Woong,Love Station,Lim Young Woong,2024-11-23,2024-11-21,50,49,1,56,56,0,49,1,1,0.6,Short (1–3 days),album,12,3.1882166666666665,False,Clean
Love Station - Lim Young Woong,Love Station,Lim Young Woong,2024-12-05,2024-11-23,49,50,-1,56,57,1,50,0,1,0.4,Short (1–3 days),album,12,3.1882166666666665,False,Clean
Love You With All My Heart - Crush,Love You With All My Heart,Crush,2025-04-23,2025-04-17,48,48,0,70,73,3,19,29,33,18.599999999999998,Long (15+ days),single,2,4.069766666666666,False,Clean
Love wins all - IU,Love wins all,IU,2025-03-15,2025-03-13,27,28,-1,81,81,0,28,0,10,0.0,Strong (8–14 days),single,1,4.518,False,Clean
Love wins all - IU,Love wins all,IU,2025-03-26,2025-03-24,36,34,2,80,79,-1,34,2,25,1.2,Long (15+ days),single,1,4.518,False,Clean
Love wins all - IU,Love wins all,IU,2025-04-21,2025-04-19,47,48,-1,78,78,0,48,0,2,0.0,Short (1–3 days),single,1,4.518,False,Clean
Lovely Touch - Lim Young Woong,Lovely Touch,Lim Young Woong,2024-06-03,2024-05-24,45,48,-3,56,56,0,25,20,1,12.0,Short (1–3 days),album,12,3.252883333333333,False,Clean
Lovely Touch - Lim Young Woong,Lovely Touch,Lim Young Woong,2024-06-05,2024-06-03,48,49,-1,56,56,0,25,23,2,13.799999999999999,Short (1–3 days),album,12,3.252883333333333,False,Clean
Lovely Touch - Lim Young Woong,Lovely Touch,Lim Young Woong,2024-10-22,2024-06-06,48,49,-1,56,56,0,25,23,111,13.799999999999999,Long (15+ days),album,12,3.252883333333333,False,Clean
Lovely Touch - Lim Young Woong,Lovely Touch,Lim Young Woong,2025-02-11,2025-02-09,44,50,-6,58,58,0,44,0,1,0.0,Short (1–3 days),album,12,3.252883333333333,False,Clean
Lovely Touch - Lim Young Woong,Lovely Touch,Lim Young Woong,2025-02-19,2025-02-11,50,44,6,58,58,0,44,6,2,3.5999999999999996,Short (1–3 days),album,12,3.252883333333333,False,Clean
Lovin On Me - Jack Harlow,Lovin On Me,Jack Harlow,2025-01-18,2025-01-15,50,49,1,99,99,0,39,11,5,6.6,Medium (4–7 days),single,1,2.30685,True,Explicit
Lovin On Me - Jack Harlow,Lovin On Me,Jack Harlow,2025-01-24,2025-01-22,46,47,-1,99,99,0,45,1,8,0.6,Strong (8–14 days),single,1,2.30685,True,Explicit
Loving You - Lim Young Woong,Loving You,Lim Young Woong,2024-11-19,2024-11-17,47,47,0,56,56,0,46,1,4,0.6,Medium (4–7 days),album,12,3.5382166666666666,False,Clean
Loving You - Lim Young Woong,Loving You,Lim Young Woong,2024-12-04,2024-11-22,48,46,2,56,57,1,46,2,1,1.6,Short (1–3 days),album,12,3.5382166666666666,False,Clean
Loving You - Lim Young Woong,Loving You,Lim Young Woong,2024-12-06,2024-12-04,46,50,-4,57,57,0,50,0,2,0.0,Short (1–3 days),album,12,3.5382166666666666,False,Clean
Lucky Girl Syndrome - ILLIT,Lucky Girl Syndrome,ILLIT,2025-04-23,2025-04-06,45,44,1,73,76,3,21,24,33,15.599999999999998,Long (15+ days),single,4,2.3336833333333336,False,Clean
Lucky Girl Syndrome - ILLIT,Lucky Girl Syndrome,ILLIT,2025-05-27,2025-05-25,37,45,-8,78,78,0,39,0,4,0.0,Medium (4–7 days),single,4,2.3336833333333336,False,Clean
Lucky Girl Syndrome - ILLIT,Lucky Girl Syndrome,ILLIT,2025-06-02,2025-05-30,45,43,2,78,77,-1,39,6,8,3.5999999999999996,Strong (8–14 days),single,4,2.3336833333333336,False,Clean
Lucky Girl Syndrome - ILLIT,Lucky Girl Syndrome,ILLIT,2025-06-12,2025-06-09,49,48,1,73,72,-1,48,1,2,0.6,Short (1–3 days),single,4,2.3336833333333336,False,Clean
MAESTRO - SEVENTEEN,MAESTRO,SEVENTEEN,2025-05-15,2025-05-11,41,49,-8,81,81,0,48,0,2,0.0,Short (1–3 days),album,33,3.3151,False,Clean
MANIAC - VIVIZ,MANIAC,VIVIZ,2025-02-03,2025-02-01,46,48,-2,81,81,0,40,6,2,3.5999999999999996,Short (1–3 days),single,5,3.2586666666666666,False,Clean
MANIAC - VIVIZ,MANIAC,VIVIZ,2025-02-09,2025-02-04,49,48,1,81,81,0,40,9,4,5.3999999999999995,Medium (4–7 days),single,5,3.2586666666666666,False,Clean
MANIAC - VIVIZ,MANIAC,VIVIZ,2025-02-14,2025-02-12,47,49,-2,82,82,0,47,0,4,0.0,Medium (4–7 days),single,5,3.2586666666666666,False,Clean
MANIAC - VIVIZ,MANIAC,VIVIZ,2025-02-28,2025-02-17,49,50,-1,82,83,1,50,0,1,0.4,Short (1–3 days),single,5,3.2586666666666666,False,Clean
MEOW - MEOVV,MEOW,MEOVV,2025-10-25,2025-10-23,47,45,2,76,58,-18,45,2,2,1.2,Short (1–3 days),single,1,2.8678833333333333,False,Clean
MILLION DOLLAR BABY - Tommy Richman,MILLION DOLLAR BABY,Tommy Richman,2025-07-12,2025-07-10,25,24,1,94,94,0,23,2,32,1.2,Long (15+ days),single,2,2.58585,False,Clean
MILLION DOLLAR BABY - Tommy Richman,MILLION DOLLAR BABY,Tommy Richman,2025-08-14,2025-08-12,30,28,2,95,95,0,28,2,22,1.2,Long (15+ days),single,2,2.58585,False,Clean
MILLION DOLLAR BABY - Tommy Richman,MILLION DOLLAR BABY,Tommy Richman,2025-09-07,2025-09-04,49,50,-1,93,93,0,50,0,1,0.0,Short (1–3 days),single,2,2.58585,False,Clean
Magnetic - ILLIT,Magnetic,ILLIT,2025-07-12,2025-07-10,14,14,0,89,89,0,13,1,32,0.6,Long (15+ days),single,4,2.6781333333333333,False,Clean
Magnetic - ILLIT,Magnetic,ILLIT,2025-08-14,2025-08-12,15,13,2,88,88,0,13,2,106,1.2,Long (15+ days),single,4,2.6781333333333333,False,Clean
Mars - D.O.,Mars,D.O.,2025-05-18,2025-05-12,48,47,1,65,70,5,47,1,1,2.6,Short (1–3 days),single,6,3.1211,False,Clean
Melt Down - DAY6,Melt Down,DAY6,2025-10-06,2025-10-04,37,40,-3,65,65,0,28,9,1,5.3999999999999995,Short (1–3 days),album,8,2.7597833333333335,False,Clean
Melt Down - DAY6,Melt Down,DAY6,2025-10-08,2025-10-06,40,41,-1,65,65,0,28,12,23,7.199999999999999,Long (15+ days),album,8,2.7597833333333335,False,Clean
Melt Down - DAY6,Melt Down,DAY6,2025-11-01,2025-10-30,48,46,2,62,62,0,38,10,7,6.0,Medium (4–7 days),album,8,2.7597833333333335,False,Clean
Melt Down - DAY6,Melt Down,DAY6,2025-11-10,2025-11-07,50,42,8,62,61,-1,42,8,4,4.8,Medium (4–7 days),album,8,2.7597833333333335,False,Clean
Memories - RIIZE,Memories,RIIZE,2024-09-05,2024-09-02,47,24,23,70,71,1,24,23,12,14.2,Strong (8–14 days),single,1,2.9668833333333335,False,Clean
Memories - RIIZE,Memories,RIIZE,2024-09-18,2024-09-16,41,47,-6,73,73,0,37,4,6,2.4,Medium (4–7 days),single,1,2.9668833333333335,False,Clean
Memories - RIIZE,Memories,RIIZE,2024-09-25,2024-09-23,47,50,-3,73,73,0,39,8,4,4.8,Medium (4–7 days),single,1,2.9668833333333335,False,Clean
Memories - RIIZE,Memories,RIIZE,2024-10-02,2024-09-28,44,47,-3,73,74,1,39,5,18,3.4,Long (15+ days),single,1,2.9668833333333335,False,Clean
Midas Touch - KISS OF LIFE,Midas Touch,KISS OF LIFE,2025-06-19,2025-06-17,45,49,-4,75,75,0,49,0,3,0.0,Short (1–3 days),single,2,2.7146666666666666,False,Clean
Midas Touch - KISS OF LIFE,Midas Touch,KISS OF LIFE,2025-06-29,2025-06-21,49,50,-1,75,77,2,50,0,1,0.8,Short (1–3 days),single,2,2.7146666666666666,False,Clean
My Love Mine All Mine - Mitski,My Love Mine All Mine,Mitski,2024-12-23,2024-12-20,48,48,0,98,97,-1,31,17,1,10.2,Short (1–3 days),album,11,2.2962166666666666,False,Clean
My Love Mine All Mine - Mitski,My Love Mine All Mine,Mitski,2024-12-28,2024-12-23,48,44,4,97,95,-2,31,17,10,10.2,Strong (8–14 days),album,11,2.2962166666666666,False,Clean
My Love Mine All Mine - Mitski,My Love Mine All Mine,Mitski,2025-01-09,2025-01-06,49,47,2,98,98,0,31,18,35,10.799999999999999,Long (15+ days),album,11,2.2962166666666666,False,Clean
My Love Mine All Mine - Mitski,My Love Mine All Mine,Mitski,2025-02-14,2025-02-12,39,42,-3,99,99,0,41,0,12,0.0,Strong (8–14 days),album,11,2.2962166666666666,False,Clean
My Love Mine All Mine - Mitski,My Love Mine All Mine,Mitski,2025-03-02,2025-02-25,50,46,4,99,98,-1,41,9,12,5.3999999999999995,Strong (8–14 days),album,11,2.2962166666666666,False,Clean
My Love Mine All Mine - Mitski,My Love Mine All Mine,Mitski,2025-03-15,2025-03-13,47,50,-3,97,96,-1,41,6,1,3.5999999999999996,Short (1–3 days),album,11,2.2962166666666666,False,Clean
My Love Mine All Mine - Mitski,My Love Mine All Mine,Mitski,2025-03-19,2025-03-15,50,47,3,96,96,0,41,9,2,5.3999999999999995,Short (1–3 days),album,11,2.2962166666666666,False,Clean
My Love Mine All Mine - Mitski,My Love Mine All Mine,Mitski,2025-03-22,2025-03-20,48,50,-2,96,96,0,41,7,1,4.2,Short (1–3 days),album,11,2.2962166666666666,False,Clean
My Love Mine All Mine - Mitski,My Love Mine All Mine,Mitski,2025-03-27,2025-03-22,50,41,9,96,95,-1,41,9,2,5.3999999999999995,Short (1–3 days),album,11,2.2962166666666666,False,Clean
My Love Mine All Mine - Mitski,My Love Mine All Mine,Mitski,2025-03-30,2025-03-28,46,49,-3,95,95,0,49,0,1,0.0,Short (1–3 days),album,11,2.2962166666666666,False,Clean
My Starry Love - Lim Young Woong,My Starry Love,Lim Young Woong,2024-12-13,2024-12-08,42,48,-6,58,58,0,48,0,1,0.0,Short (1–3 days),single,2,3.8468833333333334,False,Clean
My Starry Love - Lim Young Woong,My Starry Love,Lim Young Woong,2025-01-03,2024-12-13,48,50,-2,58,55,-3,49,0,1,0.0,Short (1–3 days),single,2,3.8468833333333334,False,Clean
My Starry Love - Lim Young Woong,My Starry Love,Lim Young Woong,2025-01-11,2025-01-03,50,49,1,55,57,2,49,1,1,1.4,Short (1–3 days),single,2,3.8468833333333334,False,Clean
My You - Jung Kook,My You,Jung Kook,2024-07-27,2024-07-22,35,49,-14,88,87,-1,47,0,2,0.0,Short (1–3 days),single,1,2.7511666666666668,False,Clean
My You - Jung Kook,My You,Jung Kook,2024-07-31,2024-07-28,49,50,-1,87,86,-1,47,2,2,1.2,Short (1–3 days),single,1,2.7511666666666668,False,Clean
My You - Jung Kook,My You,Jung Kook,2024-08-03,2024-08-01,50,47,3,86,85,-1,47,3,2,1.7999999999999998,Short (1–3 days),single,1,2.7511666666666668,False,Clean
My You - Jung Kook,My You,Jung Kook,2024-08-07,2024-08-04,48,50,-2,85,85,0,47,1,2,0.6,Short (1–3 days),single,1,2.7511666666666668,False,Clean
My You - Jung Kook,My You,Jung Kook,2024-08-10,2024-08-08,50,50,0,85,84,-1,47,3,2,1.7999999999999998,Short (1–3 days),single,1,2.7511666666666668,False,Clean
My You - Jung Kook,My You,Jung Kook,2024-09-30,2024-08-11,47,47,0,84,79,-5,47,0,2,0.0,Short (1–3 days),single,1,2.7511666666666668,False,Clean
NEMONEMO - YENA,NEMONEMO,YENA,2025-10-22,2025-10-20,50,48,2,67,68,1,36,14,2,8.8,Short (1–3 days),single,3,2.9671,False,Clean
NEMONEMO - YENA,NEMONEMO,YENA,2025-10-25,2025-10-23,44,50,-6,68,68,0,36,8,4,4.8,Medium (4–7 days),single,3,2.9671,False,Clean
NEMONEMO - YENA,NEMONEMO,YENA,2025-11-01,2025-10-28,50,48,2,69,69,0,44,6,3,3.5999999999999996,Short (1–3 days),single,3,2.9671,False,Clean
NEMONEMO - YENA,NEMONEMO,YENA,2025-11-05,2025-11-03,48,44,4,69,69,0,44,4,2,2.4,Short (1–3 days),single,3,2.9671,False,Clean
NEMONEMO - YENA,NEMONEMO,YENA,2025-11-12,2025-11-06,47,49,-2,69,69,0,49,0,1,0.0,Short (1–3 days),single,3,2.9671,False,Clean
NIGHT DANCER - BIG Naughty Remix - imase & BIG Naughty,NIGHT DANCER - BIG Naughty Remix,imase & BIG Naughty,2024-06-03,2024-05-23,41,50,-9,53,59,6,37,4,7,4.800000000000001,Medium (4–7 days),single,2,3.5075166666666666,False,Clean
Nest - Lim Young Woong,Nest,Lim Young Woong,2024-12-11,2024-12-09,50,46,4,59,59,0,46,4,1,2.4,Short (1–3 days),album,12,2.8713333333333333,False,Clean
Nest - Lim Young Woong,Nest,Lim Young Woong,2024-12-13,2024-12-11,46,50,-4,59,59,0,48,0,3,0.0,Short (1–3 days),album,12,2.8713333333333333,False,Clean
Nest - Lim Young Woong,Nest,Lim Young Woong,2024-12-19,2024-12-15,49,49,0,59,58,-1,49,0,1,0.0,Short (1–3 days),album,12,2.8713333333333333,False,Clean
Nest - Lim Young Woong,Nest,Lim Young Woong,2024-12-30,2024-12-19,49,50,-1,58,55,-3,49,0,1,0.0,Short (1–3 days),album,12,2.8713333333333333,False,Clean
Nest - Lim Young Woong,Nest,Lim Young Woong,2025-01-03,2024-12-30,50,49,1,55,56,1,49,1,1,1.0,Short (1–3 days),album,12,2.8713333333333333,False,Clean
Nest - Lim Young Woong,Nest,Lim Young Woong,2025-01-11,2025-01-03,49,50,-1,56,57,1,50,0,1,0.4,Short (1–3 days),album,12,2.8713333333333333,False,Clean
Never Let Go - Jung Kook,Never Let Go,Jung Kook,2025-07-12,2025-07-10,20,20,0,90,90,0,19,1,32,0.6,Long (15+ days),single,1,2.7802,False,Clean
Never Let Go - Jung Kook,Never Let Go,Jung Kook,2025-08-14,2025-08-12,25,25,0,87,87,0,25,0,24,0.0,Long (15+ days),single,1,2.7802,False,Clean
New Jeans - NewJeans,New Jeans,NewJeans,2024-11-03,2024-10-29,49,48,1,85,84,-1,26,23,1,13.799999999999999,Short (1–3 days),single,2,1.8164333333333333,False,Clean
New Jeans - NewJeans,New Jeans,NewJeans,2024-12-28,2024-11-03,48,47,1,84,79,-5,26,22,3,13.2,Short (1–3 days),single,2,1.8164333333333333,False,Clean
New Jeans - NewJeans,New Jeans,NewJeans,2025-01-01,2024-12-30,48,50,-2,80,80,0,26,22,2,13.2,Short (1–3 days),single,2,1.8164333333333333,False,Clean
New Jeans - NewJeans,New Jeans,NewJeans,2025-01-04,2025-01-02,50,50,0,81,81,0,26,24,1,14.399999999999999,Short (1–3 days),single,2,1.8164333333333333,False,Clean
New Jeans - NewJeans,New Jeans,NewJeans,2025-01-06,2025-01-04,50,41,9,81,82,1,26,24,1,14.799999999999999,Short (1–3 days),single,2,1.8164333333333333,False,Clean
New Jeans - NewJeans,New Jeans,NewJeans,2025-01-09,2025-01-06,41,50,-9,82,83,1,26,15,1,9.4,Short (1–3 days),single,2,1.8164333333333333,False,Clean
New Jeans - NewJeans,New Jeans,NewJeans,2025-01-13,2025-01-09,50,49,1,83,83,0,26,24,3,14.399999999999999,Short (1–3 days),single,2,1.8164333333333333,False,Clean
New Jeans - NewJeans,New Jeans,NewJeans,2025-02-10,2025-01-15,49,45,4,83,83,0,26,23,1,13.799999999999999,Short (1–3 days),single,2,1.8164333333333333,False,Clean
New Jeans - NewJeans,New Jeans,NewJeans,2025-02-12,2025-02-10,45,43,2,83,83,0,26,19,1,11.4,Short (1–3 days),single,2,1.8164333333333333,False,Clean
New Jeans - NewJeans,New Jeans,NewJeans,2025-02-14,2025-02-12,43,48,-5,83,83,0,26,17,5,10.2,Medium (4–7 days),single,2,1.8164333333333333,False,Clean
New Jeans - NewJeans,New Jeans,NewJeans,2025-02-28,2025-02-18,48,48,0,83,83,0,26,22,8,13.2,Strong (8–14 days),single,2,1.8164333333333333,False,Clean
New Jeans - NewJeans,New Jeans,NewJeans,2025-03-08,2025-03-06,47,45,2,82,82,0,26,21,3,12.6,Short (1–3 days),single,2,1.8164333333333333,False,Clean
New Jeans - NewJeans,New Jeans,NewJeans,2025-03-16,2025-03-10,47,49,-2,81,81,0,26,21,1,12.6,Short (1–3 days),single,2,1.8164333333333333,False,Clean
New Jeans - NewJeans,New Jeans,NewJeans,2025-03-18,2025-03-16,49,47,2,81,81,0,26,23,1,13.799999999999999,Short (1–3 days),single,2,1.8164333333333333,False,Clean
New Jeans - NewJeans,New Jeans,NewJeans,2025-03-20,2025-03-18,47,50,-3,81,81,0,26,21,1,12.6,Short (1–3 days),single,2,1.8164333333333333,False,Clean
New Jeans - NewJeans,New Jeans,NewJeans,2025-03-22,2025-03-20,50,49,1,81,80,-1,26,24,3,14.399999999999999,Short (1–3 days),single,2,1.8164333333333333,False,Clean
New Jeans - NewJeans,New Jeans,NewJeans,2025-03-26,2025-03-24,50,46,4,80,80,0,26,24,26,14.399999999999999,Long (15+ days),single,2,1.8164333333333333,False,Clean
New Jeans - NewJeans,New Jeans,NewJeans,2025-04-27,2025-04-20,48,40,8,81,80,-1,26,22,75,13.2,Long (15+ days),single,2,1.8164333333333333,False,Clean
New Jeans - NewJeans,New Jeans,NewJeans,2025-07-12,2025-07-10,42,45,-3,77,77,0,41,1,23,0.6,Long (15+ days),single,2,1.8164333333333333,False,Clean
New Jeans - NewJeans,New Jeans,NewJeans,2025-08-11,2025-08-03,45,50,-5,78,78,0,44,1,2,0.6,Short (1–3 days),single,2,1.8164333333333333,False,Clean
New Jeans - NewJeans,New Jeans,NewJeans,2025-08-14,2025-08-12,50,44,6,78,78,0,44,6,3,3.5999999999999996,Short (1–3 days),single,2,1.8164333333333333,False,Clean
New Jeans - NewJeans,New Jeans,NewJeans,2025-08-18,2025-08-16,49,50,-1,78,78,0,44,5,2,3.0,Short (1–3 days),single,2,1.8164333333333333,False,Clean
New Jeans - NewJeans,New Jeans,NewJeans,2025-10-21,2025-08-19,50,44,6,78,76,-2,44,6,1,3.5999999999999996,Short (1–3 days),single,2,1.8164333333333333,False,Clean
Nice Guy - BOYNEXTDOOR,Nice Guy,BOYNEXTDOOR,2025-10-04,2025-09-29,46,49,-3,70,70,0,49,0,1,0.0,Short (1–3 days),album,7,2.748666666666667,False,Clean
No Tomorrow - Spotify Singles - Various Artists,No Tomorrow - Spotify Singles,Various Artists,2025-04-10,2025-04-08,50,46,4,30,45,15,46,4,2,8.4,Short (1–3 days),single,1,5.133333333333334,False,Clean
Not Like Us - Kendrick Lamar,Not Like Us,Kendrick Lamar,2025-05-30,2025-05-25,29,48,-19,98,98,0,37,0,3,0.0,Short (1–3 days),single,1,4.569866666666667,True,Explicit
Not Like Us - Kendrick Lamar,Not Like Us,Kendrick Lamar,2025-06-22,2025-06-01,44,47,-3,98,93,-5,37,7,8,4.2,Strong (8–14 days),single,1,4.569866666666667,True,Explicit
Not Like Us - Kendrick Lamar,Not Like Us,Kendrick Lamar,2025-07-07,2025-06-29,44,40,4,95,96,1,37,7,4,4.6000000000000005,Medium (4–7 days),single,1,4.569866666666667,True,Explicit
Not Like Us - Kendrick Lamar,Not Like Us,Kendrick Lamar,2025-07-12,2025-07-10,40,42,-2,96,96,0,37,3,17,1.7999999999999998,Long (15+ days),single,1,4.569866666666667,True,Explicit
Not Like Us - Kendrick Lamar,Not Like Us,Kendrick Lamar,2025-07-31,2025-07-28,46,47,-1,97,97,0,46,0,4,0.0,Medium (4–7 days),single,1,4.569866666666667,True,Explicit
OMG - NewJeans,OMG,NewJeans,2024-12-02,2024-10-28,48,42,6,87,86,-1,15,33,23,19.8,Long (15+ days),single,2,3.53755,False,Clean
OMG - NewJeans,OMG,NewJeans,2024-12-28,2024-12-24,46,40,6,85,83,-2,15,31,30,18.599999999999998,Long (15+ days),single,2,3.53755,False,Clean
OMG - NewJeans,OMG,NewJeans,2025-01-28,2025-01-26,50,49,1,87,87,0,15,35,2,21.0,Short (1–3 days),single,2,3.53755,False,Clean
OMG - NewJeans,OMG,NewJeans,2025-02-01,2025-01-29,49,50,-1,87,87,0,15,34,1,20.4,Short (1–3 days),single,2,3.53755,False,Clean
OMG - NewJeans,OMG,NewJeans,2025-02-04,2025-02-01,50,50,0,87,87,0,15,35,1,21.0,Short (1–3 days),single,2,3.53755,False,Clean
OMG - NewJeans,OMG,NewJeans,2025-02-10,2025-02-04,50,43,7,87,87,0,15,35,3,21.0,Short (1–3 days),single,2,3.53755,False,Clean
OMG - NewJeans,OMG,NewJeans,2025-02-14,2025-02-12,41,47,-6,86,87,1,15,26,5,16.0,Medium (4–7 days),single,2,3.53755,False,Clean
OMG - NewJeans,OMG,NewJeans,2025-04-01,2025-02-18,45,48,-3,87,82,-5,15,30,1,18.0,Short (1–3 days),single,2,3.53755,False,Clean
OMG - NewJeans,OMG,NewJeans,2025-04-28,2025-04-01,48,41,7,82,82,0,15,33,21,19.8,Long (15+ days),single,2,3.53755,False,Clean
OMG - NewJeans,OMG,NewJeans,2025-05-20,2025-05-18,49,50,-1,81,81,0,38,11,3,6.6,Short (1–3 days),single,2,3.53755,False,Clean
OMG - NewJeans,OMG,NewJeans,2025-06-01,2025-05-22,50,45,5,81,81,0,38,12,40,7.199999999999999,Long (15+ days),single,2,3.53755,False,Clean
OMG - NewJeans,OMG,NewJeans,2025-07-12,2025-07-10,45,46,-1,79,79,0,41,4,10,2.4,Strong (8–14 days),single,2,3.53755,False,Clean
OMG - NewJeans,OMG,NewJeans,2025-07-24,2025-07-21,50,42,8,80,80,0,41,9,8,5.3999999999999995,Strong (8–14 days),single,2,3.53755,False,Clean
OMG - NewJeans,OMG,NewJeans,2025-08-17,2025-07-31,48,50,-2,80,80,0,41,7,3,4.2,Short (1–3 days),single,2,3.53755,False,Clean
OMG - NewJeans,OMG,NewJeans,2025-10-13,2025-08-19,44,41,3,80,78,-2,41,3,2,1.7999999999999998,Short (1–3 days),single,2,3.53755,False,Clean
"Our Blues, Our Life - Lim Young Woong","Our Blues, Our Life",Lim Young Woong,2024-07-10,2024-07-04,40,45,-5,60,60,0,16,24,17,14.399999999999999,Long (15+ days),album,12,3.4564333333333335,False,Clean
"Our Blues, Our Life - Lim Young Woong","Our Blues, Our Life",Lim Young Woong,2024-07-31,2024-07-26,50,47,3,60,59,-1,16,34,18,20.4,Long (15+ days),album,12,3.4564333333333335,False,Clean
"Our Blues, Our Life - Lim Young Woong","Our Blues, Our Life",Lim Young Woong,2024-08-20,2024-08-17,47,49,-2,58,58,0,16,31,1,18.599999999999998,Short (1–3 days),album,12,3.4564333333333335,False,Clean
"Our Blues, Our Life - Lim Young Woong","Our Blues, Our Life",Lim Young Woong,2024-08-24,2024-08-20,49,47,2,58,58,0,16,33,6,19.8,Medium (4–7 days),album,12,3.4564333333333335,False,Clean
"Our Blues, Our Life - Lim Young Woong","Our Blues, Our Life",Lim Young Woong,2024-09-03,2024-08-29,50,44,6,58,58,0,16,34,4,20.4,Medium (4–7 days),album,12,3.4564333333333335,False,Clean
"Our Blues, Our Life - Lim Young Woong","Our Blues, Our Life",Lim Young Woong,2024-09-10,2024-09-06,49,37,12,58,59,1,16,33,18,20.2,Long (15+ days),album,12,3.4564333333333335,False,Clean
"Our Blues, Our Life - Lim Young Woong","Our Blues, Our Life",Lim Young Woong,2024-09-29,2024-09-27,41,47,-6,58,58,0,16,25,7,15.0,Medium (4–7 days),album,12,3.4564333333333335,False,Clean
"Our Blues, Our Life - Lim Young Woong","Our Blues, Our Life",Lim Young Woong,2024-10-07,2024-10-05,45,49,-4,58,58,0,16,29,3,17.4,Short (1–3 days),album,12,3.4564333333333335,False,Clean
"Our Blues, Our Life - Lim Young Woong","Our Blues, Our Life",Lim Young Woong,2024-10-13,2024-10-09,46,39,7,58,58,0,16,30,152,18.0,Long (15+ days),album,12,3.4564333333333335,False,Clean
"Our Blues, Our Life - Lim Young Woong","Our Blues, Our Life",Lim Young Woong,2025-03-15,2025-03-13,38,37,1,58,58,0,36,2,10,1.2,Strong (8–14 days),album,12,3.4564333333333335,False,Clean
"Our Blues, Our Life - Lim Young Woong","Our Blues, Our Life",Lim Young Woong,2025-03-26,2025-03-24,38,37,1,57,57,0,37,1,28,0.6,Long (15+ days),album,12,3.4564333333333335,False,Clean
"Our Blues, Our Life - Lim Young Woong","Our Blues, Our Life",Lim Young Woong,2025-04-24,2025-04-22,47,47,0,57,57,0,39,8,4,4.8,Medium (4–7 days),album,12,3.4564333333333335,False,Clean
"Our Blues, Our Life - Lim Young Woong","Our Blues, Our Life",Lim Young Woong,2025-04-29,2025-04-27,49,50,-1,57,57,0,39,10,2,6.0,Short (1–3 days),album,12,3.4564333333333335,False,Clean
"Our Blues, Our Life - Lim Young Woong","Our Blues, Our Life",Lim Young Woong,2025-05-02,2025-04-30,48,50,-2,57,57,0,39,9,3,5.3999999999999995,Short (1–3 days),album,12,3.4564333333333335,False,Clean
"Our Blues, Our Life - Lim Young Woong","Our Blues, Our Life",Lim Young Woong,2025-05-07,2025-05-04,49,42,7,56,56,0,39,10,2,6.0,Short (1–3 days),album,12,3.4564333333333335,False,Clean
"Our Blues, Our Life - Lim Young Woong","Our Blues, Our Life",Lim Young Woong,2025-05-10,2025-05-08,49,46,3,56,56,0,39,10,5,6.0,Medium (4–7 days),album,12,3.4564333333333335,False,Clean
"Our Blues, Our Life - Lim Young Woong","Our Blues, Our Life",Lim Young Woong,2025-05-16,2025-05-14,47,46,1,56,56,0,39,8,3,4.8,Short (1–3 days),album,12,3.4564333333333335,False,Clean
"Our Blues, Our Life - Lim Young Woong","Our Blues, Our Life",Lim Young Woong,2025-05-20,2025-05-18,50,48,2,57,57,0,39,11,2,6.6,Short (1–3 days),album,12,3.4564333333333335,False,Clean
"Our Blues, Our Life - Lim Young Woong","Our Blues, Our Life",Lim Young Woong,2025-06-10,2025-05-21,49,49,0,57,51,-6,39,10,2,6.0,Short (1–3 days),album,12,3.4564333333333335,False,Clean
"Our Blues, Our Life - Lim Young Woong","Our Blues, Our Life",Lim Young Woong,2025-06-21,2025-06-11,49,50,-1,51,51,0,39,10,1,6.0,Short (1–3 days),album,12,3.4564333333333335,False,Clean
"Our Blues, Our Life - Lim Young Woong","Our Blues, Our Life",Lim Young Woong,2025-06-24,2025-06-21,50,39,11,51,52,1,39,11,4,7.0,Medium (4–7 days),album,12,3.4564333333333335,False,Clean
"Our Blues, Our Life - Lim Young Woong","Our Blues, Our Life",Lim Young Woong,2025-06-30,2025-06-27,50,50,0,53,54,1,43,7,2,4.6000000000000005,Short (1–3 days),album,12,3.4564333333333335,False,Clean
"Our Blues, Our Life - Lim Young Woong","Our Blues, Our Life",Lim Young Woong,2025-07-04,2025-07-01,48,49,-1,55,55,0,43,5,1,3.0,Short (1–3 days),album,12,3.4564333333333335,False,Clean
"Our Blues, Our Life - Lim Young Woong","Our Blues, Our Life",Lim Young Woong,2025-07-06,2025-07-04,49,48,1,55,56,1,43,6,2,3.9999999999999996,Short (1–3 days),album,12,3.4564333333333335,False,Clean
"Our Blues, Our Life - Lim Young Woong","Our Blues, Our Life",Lim Young Woong,2025-07-09,2025-07-07,48,48,0,56,55,-1,43,5,2,3.0,Short (1–3 days),album,12,3.4564333333333335,False,Clean
"Our Blues, Our Life - Lim Young Woong","Our Blues, Our Life",Lim Young Woong,2025-07-15,2025-07-10,50,46,4,55,56,1,43,7,6,4.6000000000000005,Medium (4–7 days),album,12,3.4564333333333335,False,Clean
"Our Blues, Our Life - Lim Young Woong","Our Blues, Our Life",Lim Young Woong,2025-07-22,2025-07-20,43,46,-3,56,56,0,46,0,3,0.0,Short (1–3 days),album,12,3.4564333333333335,False,Clean
"Our Blues, Our Life - Lim Young Woong","Our Blues, Our Life",Lim Young Woong,2025-08-05,2025-07-24,48,49,-1,56,56,0,46,2,3,1.2,Short (1–3 days),album,12,3.4564333333333335,False,Clean
"Our Blues, Our Life - Lim Young Woong","Our Blues, Our Life",Lim Young Woong,2025-08-09,2025-08-07,49,46,3,56,55,-1,46,3,1,1.7999999999999998,Short (1–3 days),album,12,3.4564333333333335,False,Clean
"Our Blues, Our Life - Lim Young Woong","Our Blues, Our Life",Lim Young Woong,2025-08-12,2025-08-09,46,49,-3,55,56,1,49,0,1,0.4,Short (1–3 days),album,12,3.4564333333333335,False,Clean
"Our Blues, Our Life - Lim Young Woong","Our Blues, Our Life",Lim Young Woong,2025-08-14,2025-08-12,49,50,-1,56,56,0,50,0,1,0.0,Short (1–3 days),album,12,3.4564333333333335,False,Clean
People Pt.2 (feat. IU) - Agust D,People Pt.2 (feat. IU),Agust D,2024-06-07,2024-06-03,43,45,-2,80,80,0,14,29,1,17.4,Short (1–3 days),album,10,3.5665833333333334,False,Clean
People Pt.2 (feat. IU) - Agust D,People Pt.2 (feat. IU),Agust D,2024-07-02,2024-06-07,45,35,10,80,78,-2,14,31,126,18.599999999999998,Long (15+ days),album,10,3.5665833333333334,False,Clean
Perfect Night - LE SSERAFIM,Perfect Night,LE SSERAFIM,2025-03-15,2025-03-13,16,16,0,88,88,0,16,0,10,0.0,Strong (8–14 days),single,1,2.6513333333333335,False,Clean
Perfect Night - LE SSERAFIM,Perfect Night,LE SSERAFIM,2025-03-26,2025-03-24,18,18,0,87,87,0,17,1,46,0.6,Long (15+ days),single,1,2.6513333333333335,False,Clean
Perfect Night - LE SSERAFIM,Perfect Night,LE SSERAFIM,2025-05-13,2025-05-10,47,50,-3,85,85,0,30,17,2,10.2,Short (1–3 days),single,1,2.6513333333333335,False,Clean
Perfect Night - LE SSERAFIM,Perfect Night,LE SSERAFIM,2025-05-20,2025-05-14,49,46,3,85,84,-1,30,19,1,11.4,Short (1–3 days),single,1,2.6513333333333335,False,Clean
Perfect Night - LE SSERAFIM,Perfect Night,LE SSERAFIM,2025-05-23,2025-05-20,46,49,-3,84,84,0,30,16,3,9.6,Short (1–3 days),single,1,2.6513333333333335,False,Clean
Perfect Night - LE SSERAFIM,Perfect Night,LE SSERAFIM,2025-06-01,2025-05-25,50,48,2,84,84,0,30,20,1,12.0,Short (1–3 days),single,1,2.6513333333333335,False,Clean
Perfect Night - LE SSERAFIM,Perfect Night,LE SSERAFIM,2025-06-03,2025-06-01,48,46,2,84,83,-1,30,18,9,10.799999999999999,Strong (8–14 days),single,1,2.6513333333333335,False,Clean
Perfect Night - LE SSERAFIM,Perfect Night,LE SSERAFIM,2025-06-14,2025-06-11,50,50,0,78,78,0,30,20,7,12.0,Medium (4–7 days),single,1,2.6513333333333335,False,Clean
Perfect Night - LE SSERAFIM,Perfect Night,LE SSERAFIM,2025-08-10,2025-06-20,50,42,8,78,81,3,30,20,3,13.2,Short (1–3 days),single,1,2.6513333333333335,False,Clean
Perfect Night - LE SSERAFIM,Perfect Night,LE SSERAFIM,2025-08-14,2025-08-12,41,37,4,81,81,0,30,11,6,6.6,Medium (4–7 days),single,1,2.6513333333333335,False,Clean
Perfect Night - LE SSERAFIM,Perfect Night,LE SSERAFIM,2025-08-25,2025-08-19,40,50,-10,81,81,0,30,10,1,6.0,Short (1–3 days),single,1,2.6513333333333335,False,Clean
Perfect Night - LE SSERAFIM,Perfect Night,LE SSERAFIM,2025-08-28,2025-08-25,50,48,2,81,81,0,30,20,1,12.0,Short (1–3 days),single,1,2.6513333333333335,False,Clean
Perfect Night - LE SSERAFIM,Perfect Night,LE SSERAFIM,2025-09-01,2025-08-28,48,45,3,81,81,0,30,18,51,10.799999999999999,Long (15+ days),single,1,2.6513333333333335,False,Clean
Please Don't Change (feat. DJ Snake) - Jung Kook,Please Don't Change (feat. DJ Snake),Jung Kook,2024-12-23,2024-12-21,45,46,-1,86,85,-1,30,15,1,9.0,Short (1–3 days),album,11,2.444733333333333,False,Clean
Please Don't Change (feat. DJ Snake) - Jung Kook,Please Don't Change (feat. DJ Snake),Jung Kook,2024-12-28,2024-12-23,46,50,-4,85,82,-3,30,16,3,9.6,Short (1–3 days),album,11,2.444733333333333,False,Clean
Please Don't Change (feat. DJ Snake) - Jung Kook,Please Don't Change (feat. DJ Snake),Jung Kook,2025-01-01,2024-12-30,44,45,-1,83,83,0,30,14,16,8.4,Long (15+ days),album,11,2.444733333333333,False,Clean
Please Don't Change (feat. DJ Snake) - Jung Kook,Please Don't Change (feat. DJ Snake),Jung Kook,2025-01-21,2025-01-16,45,36,9,84,84,0,30,15,1,9.0,Short (1–3 days),album,11,2.444733333333333,False,Clean
Please Don't Change (feat. DJ Snake) - Jung Kook,Please Don't Change (feat. DJ Snake),Jung Kook,2025-01-23,2025-01-21,36,49,-13,84,84,0,30,6,2,3.5999999999999996,Short (1–3 days),album,11,2.444733333333333,False,Clean
Please Don't Change (feat. DJ Snake) - Jung Kook,Please Don't Change (feat. DJ Snake),Jung Kook,2025-01-26,2025-01-24,48,49,-1,84,84,0,30,18,1,10.799999999999999,Short (1–3 days),album,11,2.444733333333333,False,Clean
Please Don't Change (feat. DJ Snake) - Jung Kook,Please Don't Change (feat. DJ Snake),Jung Kook,2025-02-03,2025-01-26,49,46,3,84,84,0,30,19,1,11.4,Short (1–3 days),album,11,2.444733333333333,False,Clean
Please Don't Change (feat. DJ Snake) - Jung Kook,Please Don't Change (feat. DJ Snake),Jung Kook,2025-02-05,2025-02-03,46,50,-4,84,84,0,30,16,3,9.6,Short (1–3 days),album,11,2.444733333333333,False,Clean
Please Don't Change (feat. DJ Snake) - Jung Kook,Please Don't Change (feat. DJ Snake),Jung Kook,2025-02-13,2025-02-07,48,45,3,84,83,-1,30,18,25,10.799999999999999,Long (15+ days),album,11,2.444733333333333,False,Clean
Please Don't Change (feat. DJ Snake) - Jung Kook,Please Don't Change (feat. DJ Snake),Jung Kook,2025-03-15,2025-03-09,41,49,-8,82,81,-1,49,0,1,0.0,Short (1–3 days),album,11,2.444733333333333,False,Clean
Please Please Please - Sabrina Carpenter,Please Please Please,Sabrina Carpenter,2025-07-12,2025-07-10,34,40,-6,98,98,0,33,1,10,0.6,Strong (8–14 days),single,2,3.1060833333333333,True,Explicit
Please Please Please - Sabrina Carpenter,Please Please Please,Sabrina Carpenter,2025-07-23,2025-07-21,45,50,-5,99,98,-1,33,12,2,7.199999999999999,Short (1–3 days),single,2,3.1060833333333333,True,Explicit
Please Please Please - Sabrina Carpenter,Please Please Please,Sabrina Carpenter,2025-08-01,2025-07-24,49,50,-1,98,98,0,33,16,2,9.6,Short (1–3 days),single,2,3.1060833333333333,True,Explicit
Please Please Please - Sabrina Carpenter,Please Please Please,Sabrina Carpenter,2025-08-15,2025-08-02,50,47,3,98,98,0,33,17,2,10.2,Short (1–3 days),single,2,3.1060833333333333,True,Explicit
Please Please Please - Sabrina Carpenter,Please Please Please,Sabrina Carpenter,2025-08-24,2025-08-16,47,33,14,98,97,-1,33,14,9,8.4,Strong (8–14 days),single,2,3.1060833333333333,True,Explicit
Pleasure Shop - KEY,Pleasure Shop,KEY,2025-09-29,2025-09-27,50,48,2,54,57,3,48,2,1,2.4000000000000004,Short (1–3 days),single,6,3.038,False,Clean
Polaroid - Lim Young Woong,Polaroid,Lim Young Woong,2025-03-15,2025-03-13,19,19,0,62,62,0,19,0,10,0.0,Strong (8–14 days),single,2,3.44,False,Clean
Polaroid - Lim Young Woong,Polaroid,Lim Young Woong,2025-03-26,2025-03-24,20,20,0,61,61,0,19,1,107,0.6,Long (15+ days),single,2,3.44,False,Clean
Polaroid - Lim Young Woong,Polaroid,Lim Young Woong,2025-07-12,2025-07-10,30,29,1,58,58,0,24,6,32,3.5999999999999996,Long (15+ days),single,2,3.44,False,Clean
Polaroid - Lim Young Woong,Polaroid,Lim Young Woong,2025-08-14,2025-08-12,24,26,-2,58,58,0,26,0,59,0.0,Long (15+ days),single,2,3.44,False,Clean
Promise - Jimin,Promise,Jimin,2024-05-28,2024-05-20,43,45,-2,78,77,-1,31,12,1,7.199999999999999,Short (1–3 days),single,1,2.51685,False,Clean
Promise - Jimin,Promise,Jimin,2024-05-30,2024-05-28,45,42,3,77,77,0,31,14,1,8.4,Short (1–3 days),single,1,2.51685,False,Clean
Promise - Jimin,Promise,Jimin,2024-06-02,2024-05-30,42,42,0,77,77,0,31,11,1,6.6,Short (1–3 days),single,1,2.51685,False,Clean
Promise - Jimin,Promise,Jimin,2024-06-08,2024-06-02,42,50,-8,77,77,0,31,11,1,6.6,Short (1–3 days),single,1,2.51685,False,Clean
Promise - Jimin,Promise,Jimin,2024-06-10,2024-06-08,50,50,0,77,77,0,31,19,17,11.4,Long (15+ days),single,1,2.51685,False,Clean
Promise - Jimin,Promise,Jimin,2024-06-28,2024-06-26,45,42,3,77,77,0,36,9,4,5.3999999999999995,Medium (4–7 days),single,1,2.51685,False,Clean
Promise - Jimin,Promise,Jimin,2024-07-03,2024-07-01,41,47,-6,77,77,0,36,5,2,3.0,Short (1–3 days),single,1,2.51685,False,Clean
Promise - Jimin,Promise,Jimin,2024-07-07,2024-07-04,49,46,3,77,77,0,36,13,4,7.8,Medium (4–7 days),single,1,2.51685,False,Clean
Promise - Jimin,Promise,Jimin,2024-07-12,2024-07-10,47,49,-2,77,77,0,49,0,1,0.0,Short (1–3 days),single,1,2.51685,False,Clean
Pump Up The Volume! - PLAVE,Pump Up The Volume!,PLAVE,2025-09-17,2025-09-15,45,47,-2,67,67,0,33,12,5,7.199999999999999,Medium (4–7 days),single,1,2.9897666666666667,False,Clean
Pump Up The Volume! - PLAVE,Pump Up The Volume!,PLAVE,2025-10-24,2025-09-21,47,47,0,67,63,-4,33,14,10,8.4,Strong (8–14 days),single,1,2.9897666666666667,False,Clean
Queencard - (G)I-DLE,Queencard,(G)I-DLE,2024-09-24,2024-09-11,43,50,-7,87,85,-2,49,0,1,0.0,Short (1–3 days),single,6,2.687333333333333,False,Clean
Queencard - (G)I-DLE,Queencard,(G)I-DLE,2024-09-29,2024-09-24,50,49,1,85,85,0,49,1,1,0.6,Short (1–3 days),single,6,2.687333333333333,False,Clean
Rainbow - Lim Young Woong,Rainbow,Lim Young Woong,2024-07-08,2024-07-04,37,50,-13,60,60,0,14,23,1,13.799999999999999,Short (1–3 days),album,12,3.2733333333333334,False,Clean
Rainbow - Lim Young Woong,Rainbow,Lim Young Woong,2024-07-10,2024-07-08,50,43,7,60,60,0,14,36,17,21.599999999999998,Long (15+ days),album,12,3.2733333333333334,False,Clean
Rainbow - Lim Young Woong,Rainbow,Lim Young Woong,2024-07-31,2024-07-26,48,46,2,60,59,-1,14,34,31,20.4,Long (15+ days),album,12,3.2733333333333334,False,Clean
Rainbow - Lim Young Woong,Rainbow,Lim Young Woong,2024-09-01,2024-08-30,50,50,0,58,58,0,14,36,8,21.599999999999998,Strong (8–14 days),album,12,3.2733333333333334,False,Clean
Rainbow - Lim Young Woong,Rainbow,Lim Young Woong,2024-09-10,2024-09-08,49,36,13,58,59,1,14,35,186,21.4,Long (15+ days),album,12,3.2733333333333334,False,Clean
Rainbow - Lim Young Woong,Rainbow,Lim Young Woong,2025-03-15,2025-03-13,31,31,0,59,58,-1,31,0,10,0.0,Strong (8–14 days),album,12,3.2733333333333334,False,Clean
Rainbow - Lim Young Woong,Rainbow,Lim Young Woong,2025-03-26,2025-03-24,33,33,0,57,57,0,33,0,58,0.0,Long (15+ days),album,12,3.2733333333333334,False,Clean
Rainbow - Lim Young Woong,Rainbow,Lim Young Woong,2025-06-04,2025-05-22,49,49,0,57,55,-2,40,9,1,5.3999999999999995,Short (1–3 days),album,12,3.2733333333333334,False,Clean
Rainbow - Lim Young Woong,Rainbow,Lim Young Woong,2025-06-07,2025-06-04,49,50,-1,55,55,0,40,9,5,5.3999999999999995,Medium (4–7 days),album,12,3.2733333333333334,False,Clean
Rainbow - Lim Young Woong,Rainbow,Lim Young Woong,2025-06-16,2025-06-11,48,49,-1,51,50,-1,40,8,1,4.8,Short (1–3 days),album,12,3.2733333333333334,False,Clean
Rainbow - Lim Young Woong,Rainbow,Lim Young Woong,2025-06-18,2025-06-16,49,50,-1,50,51,1,40,9,1,5.8,Short (1–3 days),album,12,3.2733333333333334,False,Clean
Rainbow - Lim Young Woong,Rainbow,Lim Young Woong,2025-06-21,2025-06-18,50,48,2,51,51,0,40,10,1,6.0,Short (1–3 days),album,12,3.2733333333333334,False,Clean
Rainbow - Lim Young Woong,Rainbow,Lim Young Woong,2025-06-24,2025-06-21,48,42,6,51,52,1,40,8,5,5.2,Medium (4–7 days),album,12,3.2733333333333334,False,Clean
Rainbow - Lim Young Woong,Rainbow,Lim Young Woong,2025-06-30,2025-06-28,49,46,3,54,54,0,42,7,11,4.2,Strong (8–14 days),album,12,3.2733333333333334,False,Clean
Rainbow - Lim Young Woong,Rainbow,Lim Young Woong,2025-07-12,2025-07-10,43,47,-4,55,55,0,42,1,2,0.6,Short (1–3 days),album,12,3.2733333333333334,False,Clean
Rainbow - Lim Young Woong,Rainbow,Lim Young Woong,2025-07-15,2025-07-13,47,45,2,56,56,0,42,5,10,3.0,Strong (8–14 days),album,12,3.2733333333333334,False,Clean
Rainbow - Lim Young Woong,Rainbow,Lim Young Woong,2025-07-29,2025-07-24,44,47,-3,56,56,0,43,1,2,0.6,Short (1–3 days),album,12,3.2733333333333334,False,Clean
Rainbow - Lim Young Woong,Rainbow,Lim Young Woong,2025-08-04,2025-07-30,47,48,-1,56,56,0,43,4,6,2.4,Medium (4–7 days),album,12,3.2733333333333334,False,Clean
Rainbow - Lim Young Woong,Rainbow,Lim Young Woong,2025-08-12,2025-08-09,43,47,-4,55,56,1,47,0,1,0.4,Short (1–3 days),album,12,3.2733333333333334,False,Clean
Rainy Days - V,Rainy Days,V,2025-03-02,2025-02-20,33,50,-17,82,81,-1,39,0,8,0.0,Strong (8–14 days),single,2,2.9926666666666666,False,Clean
Rainy Days - V,Rainy Days,V,2025-03-11,2025-03-09,50,44,6,80,80,0,39,11,3,6.6,Short (1–3 days),single,2,2.9926666666666666,False,Clean
Rainy Days - V,Rainy Days,V,2025-03-15,2025-03-13,50,48,2,80,79,-1,39,11,2,6.6,Short (1–3 days),single,2,2.9926666666666666,False,Clean
Rainy Days - V,Rainy Days,V,2025-03-24,2025-03-16,39,44,-5,79,79,0,44,0,1,0.0,Short (1–3 days),single,2,2.9926666666666666,False,Clean
Rebirth (Intro) - Jimin,Rebirth (Intro),Jimin,2025-08-14,2025-08-12,9,10,-1,79,79,0,7,2,106,1.2,Long (15+ days),album,7,2.4104,False,Clean
Right Now - NewJeans,Right Now,NewJeans,2025-07-12,2025-07-10,16,17,-1,76,77,1,16,0,32,0.4,Long (15+ days),single,4,2.67355,False,Clean
Right Now - NewJeans,Right Now,NewJeans,2025-08-14,2025-08-12,44,38,6,77,77,0,38,6,6,3.5999999999999996,Medium (4–7 days),single,4,2.67355,False,Clean
Rockstar - LISA,Rockstar,LISA,2025-07-12,2025-07-10,35,41,-6,90,90,0,41,0,8,0.0,Strong (8–14 days),single,5,2.30355,True,Explicit
SHEESH - BABYMONSTER,SHEESH,BABYMONSTER,2025-07-04,2025-06-30,47,50,-3,84,85,1,50,0,2,0.4,Short (1–3 days),single,7,2.8392666666666666,False,Clean
SOS - KANGDANIEL,SOS,KANGDANIEL,2024-08-12,2024-08-10,30,47,-17,74,73,-1,35,0,10,0.0,Strong (8–14 days),single,5,3.1971,False,Clean
SOS - KANGDANIEL,SOS,KANGDANIEL,2024-08-23,2024-08-21,41,45,-4,72,72,0,45,0,1,0.0,Short (1–3 days),single,5,3.1971,False,Clean
SOS - KANGDANIEL,SOS,KANGDANIEL,2024-08-31,2024-08-23,45,49,-4,72,70,-2,45,0,3,0.0,Short (1–3 days),single,5,3.1971,False,Clean
SPOT! - ZICO & JENNIE,SPOT!,ZICO & JENNIE,2025-07-12,2025-07-10,33,36,-3,84,83,-1,35,0,14,0.0,Strong (8–14 days),single,1,2.7951,False,Clean
SPOT! - ZICO & JENNIE,SPOT!,ZICO & JENNIE,2025-10-21,2025-07-25,47,45,2,83,78,-5,40,7,2,4.2,Short (1–3 days),single,1,2.7951,False,Clean
STUPID IN LOVE (feat. HUH YUNJIN of LE SSERAFIM) - MAX,STUPID IN LOVE (feat. HUH YUNJIN of LE SSERAFIM),MAX,2025-03-06,2025-02-18,46,49,-3,42,72,30,28,18,2,22.799999999999997,Short (1–3 days),album,12,2.888933333333333,False,Clean
STUPID IN LOVE (feat. HUH YUNJIN of LE SSERAFIM) - MAX,STUPID IN LOVE (feat. HUH YUNJIN of LE SSERAFIM),MAX,2025-03-23,2025-03-07,45,48,-3,73,74,1,28,17,2,10.6,Short (1–3 days),album,12,2.888933333333333,False,Clean
STUPID IN LOVE (feat. HUH YUNJIN of LE SSERAFIM) - MAX,STUPID IN LOVE (feat. HUH YUNJIN of LE SSERAFIM),MAX,2025-03-26,2025-03-24,49,32,17,74,74,0,28,21,26,12.6,Long (15+ days),album,12,2.888933333333333,False,Clean
Saturn - SZA,Saturn,SZA,2025-03-08,2025-03-01,47,49,-2,87,90,3,43,4,6,3.6,Medium (4–7 days),single,5,3.1031833333333334,False,Clean
Saturn - SZA,Saturn,SZA,2025-03-15,2025-03-13,46,46,0,91,91,0,46,0,2,0.0,Short (1–3 days),single,5,3.1031833333333334,False,Clean
Set Me Free Pt.2 - Jimin,Set Me Free Pt.2,Jimin,2025-03-15,2025-03-13,6,7,-1,78,78,0,4,2,10,1.2,Strong (8–14 days),single,1,3.3488166666666666,True,Explicit
Set Me Free Pt.2 - Jimin,Set Me Free Pt.2,Jimin,2025-03-26,2025-03-24,5,4,1,78,77,-1,4,1,107,0.6,Long (15+ days),single,1,3.3488166666666666,True,Explicit
Set Me Free Pt.2 - Jimin,Set Me Free Pt.2,Jimin,2025-07-12,2025-07-10,7,9,-2,78,78,0,7,0,12,0.0,Strong (8–14 days),single,1,3.3488166666666666,True,Explicit
Seven (feat. Latto) (Alesso Remix) - Jung Kook & Latto,Seven (feat. Latto) (Alesso Remix),Jung Kook & Latto,2024-09-05,2024-08-30,17,46,-29,68,71,3,24,0,1,1.2000000000000002,Short (1–3 days),single,4,2.708,True,Explicit
Seven (feat. Latto) (Alesso Remix) - Jung Kook & Latto,Seven (feat. Latto) (Alesso Remix),Jung Kook & Latto,2024-09-07,2024-09-05,46,24,22,71,72,1,24,22,2,13.6,Short (1–3 days),single,4,2.708,True,Explicit
Seven (feat. Latto) (Band Ver.) - Jung Kook & Latto,Seven (feat. Latto) (Band Ver.),Jung Kook & Latto,2024-07-27,2024-07-22,16,34,-18,75,77,2,34,0,4,0.8,Medium (4–7 days),single,5,3.160433333333333,False,Clean
Seven (feat. Latto) (Band Ver.) - Jung Kook & Latto,Seven (feat. Latto) (Band Ver.),Jung Kook & Latto,2024-08-02,2024-07-30,46,49,-3,77,77,0,49,0,1,0.0,Short (1–3 days),single,5,3.160433333333333,False,Clean
Seven (feat. Latto) (Band Ver.) - Jung Kook & Latto,Seven (feat. Latto) (Band Ver.),Jung Kook & Latto,2024-08-05,2024-08-02,49,49,0,77,77,0,49,0,1,0.0,Short (1–3 days),single,5,3.160433333333333,False,Clean
Seven (feat. Latto) (Explicit Ver.) - Jung Kook,Seven (feat. Latto) (Explicit Ver.),Jung Kook,2025-03-15,2025-03-13,2,2,0,88,88,0,2,0,10,0.0,Strong (8–14 days),album,11,3.0591666666666666,True,Explicit
Seven (feat. Latto) (Explicit Ver.) - Jung Kook,Seven (feat. Latto) (Explicit Ver.),Jung Kook,2025-03-26,2025-03-24,2,2,0,87,87,0,2,0,107,0.0,Long (15+ days),album,11,3.0591666666666666,True,Explicit
Seven (feat. Latto) (Explicit Ver.) - Jung Kook,Seven (feat. Latto) (Explicit Ver.),Jung Kook,2025-07-12,2025-07-10,3,3,0,85,85,0,2,1,32,0.6,Long (15+ days),album,11,3.0591666666666666,True,Explicit
Seven (feat. Latto) (Explicit Ver.) - Jung Kook,Seven (feat. Latto) (Explicit Ver.),Jung Kook,2025-08-14,2025-08-12,2,2,0,86,86,0,2,0,106,0.0,Long (15+ days),album,11,3.0591666666666666,True,Explicit
Seven (feat. Latto) (Explicit Ver.) - Jung Kook & Latto,Seven (feat. Latto) (Explicit Ver.),Jung Kook & Latto,2024-07-19,2024-07-16,1,1,0,86,95,9,1,0,108,3.6,Long (15+ days),single,3,3.0733333333333333,True,Explicit
Seven (feat. Latto) (Instrumental) - Jung Kook & Latto,Seven (feat. Latto) (Instrumental),Jung Kook & Latto,2024-07-19,2024-07-16,10,10,0,74,80,6,9,1,19,3.0000000000000004,Long (15+ days),single,3,3.070666666666667,False,Clean
Seven (feat. Latto) (Summer Mix) - Jung Kook & Latto,Seven (feat. Latto) (Summer Mix),Jung Kook & Latto,2024-07-27,2024-07-22,12,35,-23,76,77,1,35,0,2,0.4,Short (1–3 days),single,5,3.3617666666666666,False,Clean
Shot Glass of Tears - Jung Kook,Shot Glass of Tears,Jung Kook,2024-12-12,2024-12-10,47,47,0,86,86,0,41,6,2,3.5999999999999996,Short (1–3 days),album,11,2.7874333333333334,False,Clean
Shot Glass of Tears - Jung Kook,Shot Glass of Tears,Jung Kook,2024-12-15,2024-12-13,41,45,-4,85,85,0,44,0,2,0.0,Short (1–3 days),album,11,2.7874333333333334,False,Clean
Shot Glass of Tears - Jung Kook,Shot Glass of Tears,Jung Kook,2024-12-19,2024-12-16,49,50,-1,85,85,0,44,5,1,3.0,Short (1–3 days),album,11,2.7874333333333334,False,Clean
Shot Glass of Tears - Jung Kook,Shot Glass of Tears,Jung Kook,2024-12-29,2024-12-19,50,50,0,85,81,-4,44,6,1,3.5999999999999996,Short (1–3 days),album,11,2.7874333333333334,False,Clean
Shot Glass of Tears - Jung Kook,Shot Glass of Tears,Jung Kook,2025-03-01,2024-12-29,50,44,6,81,80,-1,44,6,2,3.5999999999999996,Short (1–3 days),album,11,2.7874333333333334,False,Clean
Slow Dance (feat. Sofia Carson) - Jimin,Slow Dance (feat. Sofia Carson),Jimin,2025-08-14,2025-08-12,7,8,-1,80,80,0,6,1,106,0.6,Long (15+ days),album,7,3.1399833333333333,False,Clean
Slow Dancing (Piano Ver.) - V,Slow Dancing (Piano Ver.),V,2024-12-31,2024-11-07,48,49,-1,86,79,-7,49,0,1,0.0,Short (1–3 days),single,6,3.1348833333333332,False,Clean
Slow Dancing - V,Slow Dancing,V,2024-09-17,2024-09-14,5,6,-1,89,91,2,4,1,179,1.4,Long (15+ days),single,6,3.1171,False,Clean
Slow Dancing - V,Slow Dancing,V,2025-03-15,2025-03-13,41,36,5,87,87,0,25,16,10,9.6,Strong (8–14 days),single,6,3.1171,False,Clean
Slow Dancing - V,Slow Dancing,V,2025-03-26,2025-03-24,25,26,-1,85,85,0,26,0,36,0.0,Long (15+ days),single,6,3.1171,False,Clean
Slow Dancing - V,Slow Dancing,V,2025-05-02,2025-04-30,49,48,1,83,83,0,44,5,1,3.0,Short (1–3 days),single,6,3.1171,False,Clean
Slow Dancing - V,Slow Dancing,V,2025-05-04,2025-05-02,48,48,0,83,82,-1,44,4,2,2.4,Short (1–3 days),single,6,3.1171,False,Clean
Slow Dancing - V,Slow Dancing,V,2025-05-07,2025-05-05,48,44,4,82,82,0,44,4,2,2.4,Short (1–3 days),single,6,3.1171,False,Clean
Small girl (feat. D.O.) - Lee Young Ji,Small girl (feat. D.O.),Lee Young Ji,2025-07-12,2025-07-10,10,11,-1,75,76,1,10,0,32,0.4,Long (15+ days),single,6,3.161766666666667,False,Clean
Small girl (feat. D.O.) - Lee Young Ji,Small girl (feat. D.O.),Lee Young Ji,2025-08-14,2025-08-12,28,27,1,77,76,-1,25,3,18,1.7999999999999998,Long (15+ days),single,6,3.161766666666667,False,Clean
Small girl (feat. D.O.) - Lee Young Ji,Small girl (feat. D.O.),Lee Young Ji,2025-09-02,2025-08-31,44,43,1,75,75,0,31,13,2,7.8,Short (1–3 days),single,6,3.161766666666667,False,Clean
Small girl (feat. D.O.) - Lee Young Ji,Small girl (feat. D.O.),Lee Young Ji,2025-09-09,2025-09-03,43,44,-1,75,74,-1,31,12,3,7.199999999999999,Short (1–3 days),single,6,3.161766666666667,False,Clean
Small girl (feat. D.O.) - Lee Young Ji,Small girl (feat. D.O.),Lee Young Ji,2025-09-13,2025-09-11,47,50,-3,74,74,0,31,16,19,9.6,Long (15+ days),single,6,3.161766666666667,False,Clean
Smart - LE SSERAFIM,Smart,LE SSERAFIM,2025-03-15,2025-03-13,10,9,1,87,87,0,9,1,10,0.6,Strong (8–14 days),single,5,2.773066666666667,False,Clean
Smart - LE SSERAFIM,Smart,LE SSERAFIM,2025-03-26,2025-03-24,10,11,-1,0,47,47,11,0,61,18.8,Long (15+ days),single,5,2.773066666666667,False,Clean
Smart - LE SSERAFIM,Smart,LE SSERAFIM,2025-05-27,2025-05-25,36,39,-3,80,80,0,35,1,25,0.6,Long (15+ days),single,5,2.773066666666667,False,Clean
Smeraldo Garden Marching Band (feat. Loco) - Jimin,Smeraldo Garden Marching Band (feat. Loco),Jimin,2025-08-14,2025-08-12,4,4,0,80,80,0,4,0,106,0.0,Long (15+ days),album,7,3.0473333333333334,False,Clean
Smeraldo Garden Marching Band (feat. Loco) - Jimin & Loco,Smeraldo Garden Marching Band (feat. Loco),Jimin & Loco,2025-07-12,2025-07-10,2,2,0,91,91,0,2,0,9,0.0,Strong (8–14 days),single,1,3.0473333333333334,False,Clean
Snowman - Sia,Snowman,Sia,2024-12-21,2024-12-19,44,34,10,94,94,0,14,30,7,18.0,Medium (4–7 days),album,13,2.765,False,Clean
Somebody - Jung Kook,Somebody,Jung Kook,2024-12-06,2024-12-04,47,48,-1,86,86,0,37,10,3,6.0,Short (1–3 days),album,11,2.8099833333333333,False,Clean
Somebody - Jung Kook,Somebody,Jung Kook,2024-12-10,2024-12-08,47,50,-3,86,86,0,37,10,1,6.0,Short (1–3 days),album,11,2.8099833333333333,False,Clean
Somebody - Jung Kook,Somebody,Jung Kook,2024-12-12,2024-12-10,50,48,2,86,86,0,37,13,3,7.8,Short (1–3 days),album,11,2.8099833333333333,False,Clean
Somebody - Jung Kook,Somebody,Jung Kook,2024-12-16,2024-12-14,43,46,-3,86,85,-1,38,5,1,3.0,Short (1–3 days),album,11,2.8099833333333333,False,Clean
Somebody - Jung Kook,Somebody,Jung Kook,2024-12-21,2024-12-16,46,49,-3,85,84,-1,38,8,1,4.8,Short (1–3 days),album,11,2.8099833333333333,False,Clean
Somebody - Jung Kook,Somebody,Jung Kook,2025-01-25,2024-12-21,49,50,-1,84,82,-2,38,11,1,6.6,Short (1–3 days),album,11,2.8099833333333333,False,Clean
Somebody - Jung Kook,Somebody,Jung Kook,2025-01-28,2025-01-25,50,46,4,82,82,0,38,12,4,7.199999999999999,Medium (4–7 days),album,11,2.8099833333333333,False,Clean
Somebody - Jung Kook,Somebody,Jung Kook,2025-02-02,2025-01-31,48,48,0,82,82,0,38,10,1,6.0,Short (1–3 days),album,11,2.8099833333333333,False,Clean
Somebody - Jung Kook,Somebody,Jung Kook,2025-02-08,2025-02-02,48,47,1,82,82,0,38,10,1,6.0,Short (1–3 days),album,11,2.8099833333333333,False,Clean
Somebody - Jung Kook,Somebody,Jung Kook,2025-02-10,2025-02-08,47,48,-1,82,82,0,38,9,1,5.3999999999999995,Short (1–3 days),album,11,2.8099833333333333,False,Clean
Somebody - Jung Kook,Somebody,Jung Kook,2025-02-13,2025-02-10,48,49,-1,82,81,-1,38,10,2,6.0,Short (1–3 days),album,11,2.8099833333333333,False,Clean
Somebody - Jung Kook,Somebody,Jung Kook,2025-02-17,2025-02-14,41,45,-4,81,81,0,38,3,1,1.7999999999999998,Short (1–3 days),album,11,2.8099833333333333,False,Clean
Somebody - Jung Kook,Somebody,Jung Kook,2025-02-26,2025-02-17,45,45,0,81,81,0,38,7,9,4.2,Strong (8–14 days),album,11,2.8099833333333333,False,Clean
Somebody - Jung Kook,Somebody,Jung Kook,2025-03-07,2025-03-05,42,41,1,80,80,0,41,1,2,0.6,Short (1–3 days),album,11,2.8099833333333333,False,Clean
Somebody - Jung Kook,Somebody,Jung Kook,2025-03-10,2025-03-08,42,50,-8,80,79,-1,50,0,1,0.0,Short (1–3 days),album,11,2.8099833333333333,False,Clean
Spicy - aespa,Spicy,aespa,2024-09-15,2024-09-12,50,46,4,81,80,-1,46,4,2,2.4,Short (1–3 days),single,6,3.284,False,Clean
Spring Snow - 10CM,Spring Snow,10CM,2025-05-19,2025-05-17,50,44,6,60,69,9,30,20,1,15.6,Short (1–3 days),single,2,3.359916666666667,False,Clean
Spring Snow - 10CM,Spring Snow,10CM,2025-05-22,2025-05-19,44,46,-2,69,72,3,30,14,4,9.600000000000001,Medium (4–7 days),single,2,3.359916666666667,False,Clean
Spring Snow - 10CM,Spring Snow,10CM,2025-05-29,2025-05-25,38,50,-12,74,76,2,30,8,16,5.6,Long (15+ days),single,2,3.359916666666667,False,Clean
Standing Next to You - Jung Kook,Standing Next to You,Jung Kook,2025-03-03,2025-03-01,8,8,0,95,95,0,5,3,11,1.7999999999999998,Strong (8–14 days),album,11,3.43365,False,Clean
Standing Next to You - Jung Kook,Standing Next to You,Jung Kook,2025-03-15,2025-03-13,8,5,3,93,93,0,5,3,10,1.7999999999999998,Strong (8–14 days),album,11,3.43365,False,Clean
Standing Next to You - Jung Kook,Standing Next to You,Jung Kook,2025-03-26,2025-03-24,6,7,-1,92,92,0,5,1,107,0.6,Long (15+ days),album,11,3.43365,False,Clean
Standing Next to You - Jung Kook,Standing Next to You,Jung Kook,2025-07-12,2025-07-10,12,12,0,89,89,0,5,7,32,4.2,Long (15+ days),album,11,3.43365,False,Clean
Standing Next to You - Jung Kook,Standing Next to You,Jung Kook,2025-08-14,2025-08-12,10,9,1,90,90,0,5,5,106,3.0,Long (15+ days),album,11,3.43365,False,Clean
Stay Alive (Prod. SUGA of BTS) - Jung Kook,Stay Alive (Prod. SUGA of BTS),Jung Kook,2024-08-12,2024-07-18,36,49,-13,83,80,-3,49,0,1,0.0,Short (1–3 days),single,1,3.5154666666666667,False,Clean
Steady - NCT WISH,Steady,NCT WISH,2025-10-02,2025-09-29,37,48,-11,56,59,3,48,0,1,1.2000000000000002,Short (1–3 days),album,7,2.994666666666667,False,Clean
"Steal The Show - From ""Elemental"" - Lauv","Steal The Show - From ""Elemental""",Lauv,2024-09-09,2024-09-06,48,44,4,77,77,0,36,12,25,7.199999999999999,Long (15+ days),single,1,3.1963166666666667,False,Clean
Sticky - KISS OF LIFE,Sticky,KISS OF LIFE,2025-07-12,2025-07-10,8,6,2,73,75,2,6,2,32,2.0,Long (15+ days),single,2,2.6186666666666665,False,Clean
Sticky - KISS OF LIFE,Sticky,KISS OF LIFE,2025-08-14,2025-08-12,11,11,0,82,82,0,11,0,67,0.0,Long (15+ days),single,2,2.6186666666666665,False,Clean
Sticky - KISS OF LIFE,Sticky,KISS OF LIFE,2025-10-21,2025-10-19,40,49,-9,79,79,0,49,0,1,0.0,Short (1–3 days),single,2,2.6186666666666665,False,Clean
Still With You - Jung Kook,Still With You,Jung Kook,2024-10-23,2024-10-20,37,44,-7,84,84,0,44,0,1,0.0,Short (1–3 days),single,1,3.9984166666666665,False,Clean
Sudden Shower - ECLIPSE,Sudden Shower,ECLIPSE,2025-05-15,2025-05-10,48,50,-2,72,74,2,26,22,4,14.0,Medium (4–7 days),single,8,3.88385,False,Clean
Sudden Shower - ECLIPSE,Sudden Shower,ECLIPSE,2025-05-21,2025-05-18,43,48,-5,76,77,1,26,17,5,10.6,Medium (4–7 days),single,8,3.88385,False,Clean
Sudden Shower - ECLIPSE,Sudden Shower,ECLIPSE,2025-05-28,2025-05-25,41,38,3,78,78,0,26,15,44,9.0,Long (15+ days),single,8,3.88385,False,Clean
Sudden Shower - ECLIPSE,Sudden Shower,ECLIPSE,2025-07-12,2025-07-10,36,38,-2,78,78,0,35,1,22,0.6,Long (15+ days),single,8,3.88385,False,Clean
Sugarcoat (NATTY Solo) - KISS OF LIFE,Sugarcoat (NATTY Solo),KISS OF LIFE,2024-08-24,2024-08-22,50,44,6,73,73,0,26,24,14,14.399999999999999,Strong (8–14 days),single,6,2.9977666666666667,False,Clean
Sugarcoat (NATTY Solo) - KISS OF LIFE,Sugarcoat (NATTY Solo),KISS OF LIFE,2024-09-09,2024-09-06,47,49,-2,74,74,0,46,1,1,0.6,Short (1–3 days),single,6,2.9977666666666667,False,Clean
Sugarcoat (NATTY Solo) - KISS OF LIFE,Sugarcoat (NATTY Solo),KISS OF LIFE,2024-09-13,2024-09-09,49,46,3,74,74,0,46,3,1,1.7999999999999998,Short (1–3 days),single,6,2.9977666666666667,False,Clean
Sunflower - Spider-Man: Into the Spider-Verse - Post Malone,Sunflower - Spider-Man: Into the Spider-Verse,Post Malone,2024-07-07,2024-07-04,32,50,-18,88,89,1,45,0,2,0.4,Short (1–3 days),album,17,2.626,False,Clean
Sunflower - Spider-Man: Into the Spider-Verse - Post Malone,Sunflower - Spider-Man: Into the Spider-Verse,Post Malone,2024-07-10,2024-07-08,45,46,-1,89,89,0,46,0,5,0.0,Medium (4–7 days),album,17,2.626,False,Clean
Sunflower - Spider-Man: Into the Spider-Verse - Post Malone,Sunflower - Spider-Man: Into the Spider-Verse,Post Malone,2024-07-16,2024-07-14,49,50,-1,89,89,0,47,2,1,1.2,Short (1–3 days),album,17,2.626,False,Clean
Sunflower - Spider-Man: Into the Spider-Verse - Post Malone,Sunflower - Spider-Man: Into the Spider-Verse,Post Malone,2024-07-21,2024-07-16,50,48,2,89,88,-1,47,3,2,1.7999999999999998,Short (1–3 days),album,17,2.626,False,Clean
Sunflower - Spider-Man: Into the Spider-Verse - Post Malone,Sunflower - Spider-Man: Into the Spider-Verse,Post Malone,2024-09-24,2024-07-22,47,47,0,88,85,-3,47,0,1,0.0,Short (1–3 days),album,17,2.626,False,Clean
Super - SEVENTEEN,Super,SEVENTEEN,2024-07-07,2024-07-04,33,47,-14,88,88,0,37,0,22,0.0,Long (15+ days),single,6,3.3397666666666668,False,Clean
Super - SEVENTEEN,Super,SEVENTEEN,2024-07-31,2024-07-28,48,49,-1,87,86,-1,44,4,9,2.4,Strong (8–14 days),single,6,3.3397666666666668,False,Clean
Super Lady - (G)I-DLE,Super Lady,(G)I-DLE,2025-02-15,2025-02-12,45,48,-3,81,81,0,48,0,2,0.0,Short (1–3 days),album,8,2.5364333333333335,False,Clean
Super Shy - NewJeans,Super Shy,NewJeans,2025-03-15,2025-03-13,36,33,3,86,86,0,21,15,10,9.0,Strong (8–14 days),single,2,2.5777666666666668,False,Clean
Super Shy - NewJeans,Super Shy,NewJeans,2025-03-26,2025-03-24,29,31,-2,85,85,0,21,8,107,4.8,Long (15+ days),single,2,2.5777666666666668,False,Clean
Super Shy - NewJeans,Super Shy,NewJeans,2025-07-12,2025-07-10,38,39,-1,81,81,0,29,9,32,5.3999999999999995,Long (15+ days),single,2,2.5777666666666668,False,Clean
Super Shy - NewJeans,Super Shy,NewJeans,2025-08-14,2025-08-12,36,35,1,81,81,0,33,3,9,1.7999999999999998,Strong (8–14 days),single,2,2.5777666666666668,False,Clean
Super Shy - NewJeans,Super Shy,NewJeans,2025-08-24,2025-08-22,47,49,-2,81,81,0,49,0,2,0.0,Short (1–3 days),single,2,2.5777666666666668,False,Clean
Super Shy - NewJeans,Super Shy,NewJeans,2025-09-19,2025-08-25,49,49,0,81,81,0,49,0,1,0.0,Short (1–3 days),single,2,2.5777666666666668,False,Clean
Supernatural - NewJeans,Supernatural,NewJeans,2025-07-12,2025-07-10,4,4,0,81,82,1,4,0,32,0.4,Long (15+ days),single,4,3.183333333333333,False,Clean
Supernatural - NewJeans,Supernatural,NewJeans,2025-08-14,2025-08-12,8,6,2,83,83,0,6,2,106,1.2,Long (15+ days),single,4,3.183333333333333,False,Clean
Supernova - aespa,Supernova,aespa,2025-07-12,2025-07-10,13,13,0,75,75,0,11,2,32,1.2,Long (15+ days),single,1,2.981333333333333,False,Clean
Supernova - aespa,Supernova,aespa,2025-08-14,2025-08-12,16,14,2,76,76,0,14,2,38,1.2,Long (15+ days),single,1,2.981333333333333,False,Clean
Supernova - aespa,Supernova,aespa,2025-09-22,2025-09-20,17,19,-2,75,75,0,14,3,67,1.7999999999999998,Long (15+ days),single,1,2.981333333333333,False,Clean
Swan Song - LE SSERAFIM,Swan Song,LE SSERAFIM,2025-03-15,2025-03-13,42,44,-2,79,79,0,44,0,2,0.0,Short (1–3 days),single,5,2.61965,False,Clean
Sweet Night - V,Sweet Night,V,2024-09-04,2024-08-31,41,39,2,81,80,-1,39,2,2,1.2,Short (1–3 days),single,2,3.5709666666666666,False,Clean
Sweet Night - V,Sweet Night,V,2024-09-07,2024-09-05,49,47,2,80,80,0,47,2,2,1.2,Short (1–3 days),single,2,3.5709666666666666,False,Clean
T.B.H - QWER,T.B.H,QWER,2025-07-12,2025-07-10,37,37,0,62,62,0,31,6,32,3.5999999999999996,Long (15+ days),single,7,2.9313333333333333,False,Clean
T.B.H - QWER,T.B.H,QWER,2025-08-14,2025-08-12,45,39,6,61,61,0,39,6,8,3.5999999999999996,Strong (8–14 days),single,7,2.9313333333333333,False,Clean
T.B.H - QWER,T.B.H,QWER,2025-08-25,2025-08-21,47,44,3,61,60,-1,42,5,4,3.0,Medium (4–7 days),single,7,2.9313333333333333,False,Clean
T.B.H - QWER,T.B.H,QWER,2025-09-19,2025-08-28,49,50,-1,60,60,0,42,7,1,4.2,Short (1–3 days),single,7,2.9313333333333333,False,Clean
T.B.H - QWER,T.B.H,QWER,2025-09-29,2025-09-19,50,44,6,60,59,-1,42,8,9,4.8,Strong (8–14 days),single,7,2.9313333333333333,False,Clean
T.B.H - QWER,T.B.H,QWER,2025-10-10,2025-10-07,49,50,-1,59,59,0,47,2,2,1.2,Short (1–3 days),single,7,2.9313333333333333,False,Clean
T.B.H - QWER,T.B.H,QWER,2025-10-15,2025-10-11,49,47,2,59,59,0,47,2,1,1.2,Short (1–3 days),single,7,2.9313333333333333,False,Clean
T.B.H - QWER,T.B.H,QWER,2025-10-17,2025-10-15,47,48,-1,59,59,0,47,0,2,0.0,Short (1–3 days),single,7,2.9313333333333333,False,Clean
Take Two - BTS,Take Two,BTS,2024-11-07,2024-11-01,45,49,-4,86,85,-1,35,10,11,6.0,Strong (8–14 days),single,1,3.83255,False,Clean
Talk Saxy - RIIZE,Talk Saxy,RIIZE,2024-11-07,2024-11-04,40,50,-10,65,67,2,44,0,4,0.8,Medium (4–7 days),single,1,3.18235,False,Clean
Talk Saxy - RIIZE,Talk Saxy,RIIZE,2024-12-14,2024-11-10,50,49,1,69,70,1,44,6,2,3.9999999999999996,Short (1–3 days),single,1,3.18235,False,Clean
Talk Saxy - RIIZE,Talk Saxy,RIIZE,2025-01-10,2024-12-15,48,49,-1,70,70,0,44,4,1,2.4,Short (1–3 days),single,1,3.18235,False,Clean
Talk Saxy - RIIZE,Talk Saxy,RIIZE,2025-01-12,2025-01-10,49,46,3,70,70,0,44,5,2,3.0,Short (1–3 days),single,1,3.18235,False,Clean
Talk Saxy - RIIZE,Talk Saxy,RIIZE,2025-01-17,2025-01-13,44,50,-6,70,70,0,47,0,5,0.0,Medium (4–7 days),single,1,3.18235,False,Clean
Talk Saxy - RIIZE,Talk Saxy,RIIZE,2025-01-27,2025-01-21,50,49,1,70,70,0,49,1,1,0.6,Short (1–3 days),single,1,3.18235,False,Clean
Taste - Sabrina Carpenter,Taste,Sabrina Carpenter,2025-09-20,2025-09-16,48,47,1,95,96,1,43,5,2,3.4,Short (1–3 days),album,12,2.6213166666666665,False,Clean
Taste - Sabrina Carpenter,Taste,Sabrina Carpenter,2025-09-25,2025-09-21,43,47,-4,96,96,0,45,0,1,0.0,Short (1–3 days),album,12,2.6213166666666665,False,Clean
Taste - Sabrina Carpenter,Taste,Sabrina Carpenter,2025-09-28,2025-09-25,47,50,-3,96,96,0,45,2,2,1.2,Short (1–3 days),album,12,2.6213166666666665,False,Clean
Teddy Bear - STAYC,Teddy Bear,STAYC,2024-05-21,2024-05-18,47,47,0,74,74,0,42,5,7,3.0,Medium (4–7 days),single,2,3.1628833333333333,False,Clean
Teddy Bear - STAYC,Teddy Bear,STAYC,2024-05-29,2024-05-27,49,45,4,74,74,0,45,4,1,2.4,Short (1–3 days),single,2,3.1628833333333333,False,Clean
Teddy Bear - STAYC,Teddy Bear,STAYC,2024-05-31,2024-05-29,45,48,-3,74,74,0,46,0,3,0.0,Short (1–3 days),single,2,3.1628833333333333,False,Clean
Teddy Bear - STAYC,Teddy Bear,STAYC,2024-06-05,2024-06-02,49,46,3,74,73,-1,46,3,1,1.7999999999999998,Short (1–3 days),single,2,3.1628833333333333,False,Clean
That's What I Like - Bruno Mars,That's What I Like,Bruno Mars,2025-11-11,2024-06-21,43,45,-2,87,87,0,45,0,2,0.0,Short (1–3 days),album,9,3.4448833333333333,False,Clean
The Planet - BTS,The Planet,BTS,2024-06-22,2024-06-20,46,42,4,88,88,0,42,4,3,2.4,Short (1–3 days),single,1,2.9692666666666665,False,Clean
The Planet - BTS,The Planet,BTS,2024-07-02,2024-06-24,48,44,4,88,87,-1,43,5,3,3.0,Short (1–3 days),single,1,2.9692666666666665,False,Clean
The Planet - BTS,The Planet,BTS,2024-07-16,2024-07-04,43,46,-3,87,86,-1,46,0,1,0.0,Short (1–3 days),single,1,2.9692666666666665,False,Clean
Thirsty - aespa,Thirsty,aespa,2024-07-04,2024-07-02,49,50,-1,77,77,0,50,0,1,0.0,Short (1–3 days),single,6,3.22355,False,Clean
Tick-Tack - ILLIT,Tick-Tack,ILLIT,2025-11-27,2025-11-24,49,50,-1,73,74,1,50,0,1,0.4,Short (1–3 days),single,5,2.1578,False,Clean
Time of Our Life -Japanese ver.- - Japanese ver. - DAY6,Time of Our Life -Japanese ver.- - Japanese ver.,DAY6,2025-04-01,2025-03-29,47,49,-2,55,54,-1,25,22,4,13.2,Medium (4–7 days),single,4,3.4264666666666668,False,Clean
Time of Our Life -Japanese ver.- - Japanese ver. - DAY6,Time of Our Life -Japanese ver.- - Japanese ver.,DAY6,2025-04-14,2025-04-04,49,42,7,54,55,1,25,24,7,14.799999999999999,Medium (4–7 days),single,4,3.4264666666666668,False,Clean
Time of Our Life -Japanese ver.- - Japanese ver. - DAY6,Time of Our Life -Japanese ver.- - Japanese ver.,DAY6,2025-04-23,2025-04-20,47,49,-2,55,55,0,25,22,1,13.2,Short (1–3 days),single,4,3.4264666666666668,False,Clean
Time of Our Life -Japanese ver.- - Japanese ver. - DAY6,Time of Our Life -Japanese ver.- - Japanese ver.,DAY6,2025-04-25,2025-04-23,49,48,1,55,55,0,25,24,2,14.399999999999999,Short (1–3 days),single,4,3.4264666666666668,False,Clean
Time of Our Life -Japanese ver.- - Japanese ver. - DAY6,Time of Our Life -Japanese ver.- - Japanese ver.,DAY6,2025-06-03,2025-04-26,47,49,-2,55,54,-1,25,22,1,13.2,Short (1–3 days),single,4,3.4264666666666668,False,Clean
Time of Our Life -Japanese ver.- - Japanese ver. - DAY6,Time of Our Life -Japanese ver.- - Japanese ver.,DAY6,2025-08-14,2025-06-03,49,47,2,54,54,0,25,24,1,14.399999999999999,Short (1–3 days),single,4,3.4264666666666668,False,Clean
Time of Our Life -Japanese ver.- - Japanese ver. - DAY6,Time of Our Life -Japanese ver.- - Japanese ver.,DAY6,2025-09-05,2025-08-14,47,50,-3,54,55,1,25,22,30,13.6,Long (15+ days),single,4,3.4264666666666668,False,Clean
Time of Our Life -Japanese ver.- - Japanese ver. - DAY6,Time of Our Life -Japanese ver.- - Japanese ver.,DAY6,2025-10-06,2025-10-04,41,37,4,56,56,0,25,16,1,9.6,Short (1–3 days),single,4,3.4264666666666668,False,Clean
Time of Our Life -Japanese ver.- - Japanese ver. - DAY6,Time of Our Life -Japanese ver.- - Japanese ver.,DAY6,2025-10-08,2025-10-06,37,40,-3,56,56,0,25,12,51,7.199999999999999,Long (15+ days),single,4,3.4264666666666668,False,Clean
To. X - TAEYEON,To. X,TAEYEON,2025-03-15,2025-03-13,20,20,0,75,75,0,20,0,10,0.0,Strong (8–14 days),single,6,2.8397666666666668,False,Clean
To. X - TAEYEON,To. X,TAEYEON,2025-03-26,2025-03-24,22,21,1,75,75,0,20,2,36,1.2,Long (15+ days),single,6,2.8397666666666668,False,Clean
To. X - TAEYEON,To. X,TAEYEON,2025-05-05,2025-04-30,42,50,-8,76,75,-1,48,0,3,0.0,Short (1–3 days),single,6,2.8397666666666668,False,Clean
Too Sad to Dance - Jung Kook,Too Sad to Dance,Jung Kook,2024-12-04,2024-12-02,46,50,-4,86,86,0,39,7,1,4.2,Short (1–3 days),album,11,2.93185,False,Clean
Too Sad to Dance - Jung Kook,Too Sad to Dance,Jung Kook,2024-12-09,2024-12-04,50,48,2,86,86,0,39,11,4,6.6,Medium (4–7 days),album,11,2.93185,False,Clean
Too Sad to Dance - Jung Kook,Too Sad to Dance,Jung Kook,2024-12-14,2024-12-12,50,47,3,85,85,0,39,11,1,6.6,Short (1–3 days),album,11,2.93185,False,Clean
Too Sad to Dance - Jung Kook,Too Sad to Dance,Jung Kook,2024-12-16,2024-12-14,47,47,0,85,85,0,39,8,1,4.8,Short (1–3 days),album,11,2.93185,False,Clean
Too Sad to Dance - Jung Kook,Too Sad to Dance,Jung Kook,2024-12-23,2024-12-16,47,45,2,85,83,-2,39,8,1,4.8,Short (1–3 days),album,11,2.93185,False,Clean
Too Sad to Dance - Jung Kook,Too Sad to Dance,Jung Kook,2025-03-01,2024-12-23,45,39,6,83,80,-3,39,6,2,3.5999999999999996,Short (1–3 days),album,11,2.93185,False,Clean
Too Sad to Dance - Jung Kook,Too Sad to Dance,Jung Kook,2025-03-17,2025-03-01,45,40,5,80,78,-2,40,5,1,3.0,Short (1–3 days),album,11,2.93185,False,Clean
Too Sad to Dance - Jung Kook,Too Sad to Dance,Jung Kook,2025-03-19,2025-03-17,40,41,-1,78,78,0,41,0,1,0.0,Short (1–3 days),album,11,2.93185,False,Clean
Too Sad to Dance - Jung Kook,Too Sad to Dance,Jung Kook,2025-03-21,2025-03-19,41,50,-9,78,78,0,43,0,3,0.0,Short (1–3 days),album,11,2.93185,False,Clean
Touch - KATSEYE,Touch,KATSEYE,2025-09-05,2025-09-03,50,47,3,82,82,0,16,34,68,20.4,Long (15+ days),single,1,2.1647,False,Clean
Touch - KATSEYE,Touch,KATSEYE,2025-11-15,2025-11-11,39,50,-11,85,85,0,50,0,1,0.0,Short (1–3 days),single,1,2.1647,False,Clean
Trust in me - Lim Young Woong,Trust in me,Lim Young Woong,2024-11-29,2024-11-27,47,48,-1,58,58,0,42,5,10,3.0,Strong (8–14 days),single,2,4.046433333333334,False,Clean
VIBE (feat. Jimin of BTS) - TAEYANG,VIBE (feat. Jimin of BTS),TAEYANG,2024-05-24,2024-05-22,49,43,6,68,68,0,28,21,12,12.6,Strong (8–14 days),album,6,2.9295833333333334,False,Clean
VIBE (feat. Jimin of BTS) - TAEYANG,VIBE (feat. Jimin of BTS),TAEYANG,2024-06-06,2024-06-04,36,45,-9,69,69,0,28,8,40,4.8,Long (15+ days),album,6,2.9295833333333334,False,Clean
VIBE (feat. Jimin of BTS) - TAEYANG,VIBE (feat. Jimin of BTS),TAEYANG,2024-07-20,2024-07-15,50,49,1,72,72,0,43,7,1,4.2,Short (1–3 days),album,6,2.9295833333333334,False,Clean
VIBE (feat. Jimin of BTS) - TAEYANG,VIBE (feat. Jimin of BTS),TAEYANG,2024-10-26,2024-07-20,49,50,-1,72,71,-1,43,6,1,3.5999999999999996,Short (1–3 days),album,6,2.9295833333333334,False,Clean
VIBE (feat. Jimin of BTS) - TAEYANG,VIBE (feat. Jimin of BTS),TAEYANG,2024-10-29,2024-10-26,50,43,7,71,71,0,43,7,1,4.2,Short (1–3 days),album,6,2.9295833333333334,False,Clean
VIBE (feat. Jimin of BTS) - TAEYANG,VIBE (feat. Jimin of BTS),TAEYANG,2024-11-02,2024-10-29,43,48,-5,71,71,0,44,0,1,0.0,Short (1–3 days),album,6,2.9295833333333334,False,Clean
VIBE (feat. Jimin of BTS) - TAEYANG,VIBE (feat. Jimin of BTS),TAEYANG,2024-11-04,2024-11-02,48,45,3,71,71,0,44,4,8,2.4,Strong (8–14 days),album,6,2.9295833333333334,False,Clean
Vancouver - BIG Naughty,Vancouver,BIG Naughty,2024-06-12,2024-06-10,39,50,-11,59,59,0,50,0,2,0.0,Short (1–3 days),single,2,3.6046666666666667,False,Clean
Vancouver - BIG Naughty,Vancouver,BIG Naughty,2024-09-22,2024-06-13,50,50,0,59,56,-3,50,0,1,0.0,Short (1–3 days),single,2,3.6046666666666667,False,Clean
WAY 4 LUV - PLAVE,WAY 4 LUV,PLAVE,2025-10-25,2025-08-31,48,47,1,60,60,0,41,7,3,4.2,Short (1–3 days),single,6,3.65755,False,Clean
Warmth - Lim Young Woong,Warmth,Lim Young Woong,2025-07-12,2025-07-10,18,18,0,65,65,0,15,3,32,1.7999999999999998,Long (15+ days),single,2,3.91755,False,Clean
Warmth - Lim Young Woong,Warmth,Lim Young Woong,2025-08-14,2025-08-12,17,19,-2,66,65,-1,15,2,74,1.2,Long (15+ days),single,2,3.91755,False,Clean
Warmth - Lim Young Woong,Warmth,Lim Young Woong,2025-10-29,2025-10-26,47,50,-3,62,62,0,36,11,1,6.6,Short (1–3 days),single,2,3.91755,False,Clean
Warmth - Lim Young Woong,Warmth,Lim Young Woong,2025-11-01,2025-10-29,50,49,1,62,62,0,36,14,24,8.4,Long (15+ days),single,2,3.91755,False,Clean
Welcome to the Show - DAY6,Welcome to the Show,DAY6,2025-03-26,2025-03-24,32,36,-4,61,63,2,22,10,6,6.8,Medium (4–7 days),album,7,3.617783333333333,False,Clean
Welcome to the Show - DAY6,Welcome to the Show,DAY6,2025-04-02,2025-03-31,47,48,-1,65,65,0,22,25,3,15.0,Short (1–3 days),album,7,3.617783333333333,False,Clean
Welcome to the Show - DAY6,Welcome to the Show,DAY6,2025-04-16,2025-04-04,46,46,0,65,67,2,22,24,1,15.2,Short (1–3 days),album,7,3.617783333333333,False,Clean
Welcome to the Show - DAY6,Welcome to the Show,DAY6,2025-04-18,2025-04-16,46,48,-2,67,67,0,22,24,2,14.399999999999999,Short (1–3 days),album,7,3.617783333333333,False,Clean
Welcome to the Show - DAY6,Welcome to the Show,DAY6,2025-09-07,2025-04-19,48,44,4,67,59,-8,22,26,74,15.6,Long (15+ days),album,7,3.617783333333333,False,Clean
Welcome to the Show - DAY6,Welcome to the Show,DAY6,2025-11-21,2025-11-19,38,47,-9,59,59,0,43,0,6,0.0,Medium (4–7 days),album,7,3.617783333333333,False,Clean
Who (Acoustic Remix) - Jimin,Who (Acoustic Remix),Jimin,2025-08-14,2025-08-12,34,42,-8,62,62,0,18,16,11,9.6,Strong (8–14 days),album,10,3.0679166666666666,False,Clean
Who (Acoustic Remix) - Jimin,Who (Acoustic Remix),Jimin,2025-08-28,2025-08-24,43,45,-2,62,63,1,18,25,1,15.4,Short (1–3 days),album,10,3.0679166666666666,False,Clean
Who (Acoustic Remix) - Jimin,Who (Acoustic Remix),Jimin,2025-09-21,2025-08-28,45,50,-5,63,64,1,18,27,8,16.599999999999998,Strong (8–14 days),album,10,3.0679166666666666,False,Clean
Who (Acoustic Remix) - Jimin,Who (Acoustic Remix),Jimin,2025-09-30,2025-09-28,39,44,-5,65,65,0,18,21,36,12.6,Long (15+ days),album,10,3.0679166666666666,False,Clean
Who (Acoustic Remix) - Jimin,Who (Acoustic Remix),Jimin,2025-11-06,2025-11-04,40,36,4,66,66,0,27,13,22,7.8,Long (15+ days),album,10,3.0679166666666666,False,Clean
Who (Beautiful Mind Remix) - Jimin,Who (Beautiful Mind Remix),Jimin,2025-08-05,2025-08-03,35,50,-15,61,61,0,20,15,8,9.0,Strong (8–14 days),album,10,2.965883333333333,False,Clean
Who (Beautiful Mind Remix) - Jimin,Who (Beautiful Mind Remix),Jimin,2025-08-17,2025-08-12,43,49,-6,62,62,0,20,23,1,13.799999999999999,Short (1–3 days),album,10,2.965883333333333,False,Clean
Who (Beautiful Mind Remix) - Jimin,Who (Beautiful Mind Remix),Jimin,2025-08-20,2025-08-17,49,49,0,62,62,0,20,29,2,17.4,Short (1–3 days),album,10,2.965883333333333,False,Clean
Who (Beautiful Mind Remix) - Jimin,Who (Beautiful Mind Remix),Jimin,2025-08-23,2025-08-21,49,49,0,62,62,0,20,29,1,17.4,Short (1–3 days),album,10,2.965883333333333,False,Clean
Who (Beautiful Mind Remix) - Jimin,Who (Beautiful Mind Remix),Jimin,2025-09-22,2025-08-23,49,32,17,62,63,1,20,29,3,17.799999999999997,Short (1–3 days),album,10,2.965883333333333,False,Clean
Who (Beautiful Mind Remix) - Jimin,Who (Beautiful Mind Remix),Jimin,2025-09-27,2025-09-24,45,45,0,64,64,0,20,25,2,15.0,Short (1–3 days),album,10,2.965883333333333,False,Clean
Who (Beautiful Mind Remix) - Jimin,Who (Beautiful Mind Remix),Jimin,2025-09-30,2025-09-28,46,49,-3,64,64,0,20,26,18,15.6,Long (15+ days),album,10,2.965883333333333,False,Clean
Who (Beautiful Mind Remix) - Jimin,Who (Beautiful Mind Remix),Jimin,2025-10-19,2025-10-17,43,44,-1,64,64,0,34,9,7,5.3999999999999995,Medium (4–7 days),album,10,2.965883333333333,False,Clean
Who (Beautiful Mind Remix) - Jimin,Who (Beautiful Mind Remix),Jimin,2025-10-27,2025-10-25,42,46,-4,65,65,0,35,7,6,4.2,Medium (4–7 days),album,10,2.965883333333333,False,Clean
Who (Beautiful Mind Remix) - Jimin,Who (Beautiful Mind Remix),Jimin,2025-11-04,2025-11-01,43,48,-5,65,65,0,35,8,1,4.8,Short (1–3 days),album,10,2.965883333333333,False,Clean
Who (Beautiful Mind Remix) - Jimin,Who (Beautiful Mind Remix),Jimin,2025-11-06,2025-11-04,48,41,7,65,65,0,35,13,11,7.8,Strong (8–14 days),album,10,2.965883333333333,False,Clean
Who (Beautiful Mind Remix) - Jimin,Who (Beautiful Mind Remix),Jimin,2025-11-20,2025-11-16,41,45,-4,65,65,0,35,6,8,3.5999999999999996,Strong (8–14 days),album,10,2.965883333333333,False,Clean
Who (Funky Remix) - Jimin,Who (Funky Remix),Jimin,2025-08-14,2025-08-12,35,49,-14,62,62,0,23,12,1,7.199999999999999,Short (1–3 days),album,10,3.1416333333333335,False,Clean
Who (Funky Remix) - Jimin,Who (Funky Remix),Jimin,2025-08-17,2025-08-14,49,44,5,62,62,0,23,26,1,15.6,Short (1–3 days),album,10,3.1416333333333335,False,Clean
Who (Funky Remix) - Jimin,Who (Funky Remix),Jimin,2025-08-20,2025-08-17,44,39,5,62,62,0,23,21,5,12.6,Medium (4–7 days),album,10,3.1416333333333335,False,Clean
Who (Funky Remix) - Jimin,Who (Funky Remix),Jimin,2025-09-22,2025-08-24,42,34,8,62,64,2,23,19,3,12.200000000000001,Short (1–3 days),album,10,3.1416333333333335,False,Clean
Who (Funky Remix) - Jimin,Who (Funky Remix),Jimin,2025-09-27,2025-09-24,46,49,-3,64,64,0,23,23,2,13.799999999999999,Short (1–3 days),album,10,3.1416333333333335,False,Clean
Who (Funky Remix) - Jimin,Who (Funky Remix),Jimin,2025-10-01,2025-09-28,44,41,3,64,64,0,23,21,14,12.6,Strong (8–14 days),album,10,3.1416333333333335,False,Clean
Who (Funky Remix) - Jimin,Who (Funky Remix),Jimin,2025-10-16,2025-10-14,47,48,-1,64,64,0,32,15,2,9.0,Short (1–3 days),album,10,3.1416333333333335,False,Clean
Who (Funky Remix) - Jimin,Who (Funky Remix),Jimin,2025-10-19,2025-10-17,44,47,-3,64,64,0,32,12,7,7.199999999999999,Medium (4–7 days),album,10,3.1416333333333335,False,Clean
Who (Funky Remix) - Jimin,Who (Funky Remix),Jimin,2025-10-27,2025-10-25,46,47,-1,65,65,0,32,14,6,8.4,Medium (4–7 days),album,10,3.1416333333333335,False,Clean
Who (Funky Remix) - Jimin,Who (Funky Remix),Jimin,2025-11-03,2025-11-01,42,50,-8,65,65,0,32,10,2,6.0,Short (1–3 days),album,10,3.1416333333333335,False,Clean
Who (Funky Remix) - Jimin,Who (Funky Remix),Jimin,2025-11-06,2025-11-04,46,40,6,65,65,0,32,14,12,8.4,Strong (8–14 days),album,10,3.1416333333333335,False,Clean
Who (Funky Remix) - Jimin,Who (Funky Remix),Jimin,2025-11-20,2025-11-17,50,46,4,65,65,0,32,18,8,10.799999999999999,Strong (8–14 days),album,10,3.1416333333333335,False,Clean
Who (Instrumental) - Jimin,Who (Instrumental),Jimin,2025-08-14,2025-08-12,39,46,-7,61,61,0,17,22,8,13.2,Strong (8–14 days),album,10,2.848116666666667,False,Clean
Who (Instrumental) - Jimin,Who (Instrumental),Jimin,2025-08-23,2025-08-21,45,46,-1,61,61,0,17,28,2,16.8,Short (1–3 days),album,10,2.848116666666667,False,Clean
Who (Instrumental) - Jimin,Who (Instrumental),Jimin,2025-09-22,2025-08-24,45,30,15,61,63,2,17,28,3,17.6,Short (1–3 days),album,10,2.848116666666667,False,Clean
Who (Instrumental) - Jimin,Who (Instrumental),Jimin,2025-09-26,2025-09-24,41,50,-9,63,63,0,17,24,3,14.399999999999999,Short (1–3 days),album,10,2.848116666666667,False,Clean
Who (Instrumental) - Jimin,Who (Instrumental),Jimin,2025-09-30,2025-09-28,42,48,-6,63,63,0,17,25,34,15.0,Long (15+ days),album,10,2.848116666666667,False,Clean
Who (Instrumental) - Jimin,Who (Instrumental),Jimin,2025-11-04,2025-11-02,50,47,3,65,65,0,26,24,1,14.399999999999999,Short (1–3 days),album,10,2.848116666666667,False,Clean
Who (Instrumental) - Jimin,Who (Instrumental),Jimin,2025-11-06,2025-11-04,47,43,4,65,65,0,26,21,11,12.6,Strong (8–14 days),album,10,2.848116666666667,False,Clean
Who (Instrumental) - Jimin,Who (Instrumental),Jimin,2025-11-18,2025-11-16,40,50,-10,65,65,0,26,14,1,8.4,Short (1–3 days),album,10,2.848116666666667,False,Clean
Who (Instrumental) - Jimin,Who (Instrumental),Jimin,2025-11-20,2025-11-18,50,44,6,65,65,0,26,24,8,14.399999999999999,Strong (8–14 days),album,10,2.848116666666667,False,Clean
Who (Rock Remix) - Jimin,Who (Rock Remix),Jimin,2025-08-14,2025-08-12,29,43,-14,63,63,0,16,13,11,7.8,Strong (8–14 days),album,10,2.8665833333333333,False,Clean
Who (Rock Remix) - Jimin,Who (Rock Remix),Jimin,2025-08-28,2025-08-24,35,42,-7,63,63,0,16,19,3,11.4,Short (1–3 days),album,10,2.8665833333333333,False,Clean
Who (Rock Remix) - Jimin,Who (Rock Remix),Jimin,2025-09-13,2025-08-30,47,49,-2,64,64,0,16,31,1,18.599999999999998,Short (1–3 days),album,10,2.8665833333333333,False,Clean
Who (Rock Remix) - Jimin,Who (Rock Remix),Jimin,2025-09-21,2025-09-13,49,49,0,64,65,1,16,33,45,20.2,Long (15+ days),album,10,2.8665833333333333,False,Clean
Who (Rock Remix) - Jimin,Who (Rock Remix),Jimin,2025-11-06,2025-11-04,39,35,4,66,67,1,25,14,22,8.8,Long (15+ days),album,10,2.8665833333333333,False,Clean
Who (Shibuyakei Remix) - Jimin,Who (Shibuyakei Remix),Jimin,2025-08-14,2025-08-12,38,48,-10,62,62,0,20,18,10,10.799999999999999,Strong (8–14 days),album,10,2.78015,False,Clean
Who (Shibuyakei Remix) - Jimin,Who (Shibuyakei Remix),Jimin,2025-09-22,2025-08-23,45,31,14,62,64,2,20,25,3,15.8,Short (1–3 days),album,10,2.78015,False,Clean
Who (Shibuyakei Remix) - Jimin,Who (Shibuyakei Remix),Jimin,2025-09-27,2025-09-24,44,47,-3,64,64,0,20,24,2,14.399999999999999,Short (1–3 days),album,10,2.78015,False,Clean
Who (Shibuyakei Remix) - Jimin,Who (Shibuyakei Remix),Jimin,2025-09-30,2025-09-28,43,46,-3,64,64,0,20,23,18,13.799999999999999,Long (15+ days),album,10,2.78015,False,Clean
Who (Shibuyakei Remix) - Jimin,Who (Shibuyakei Remix),Jimin,2025-10-19,2025-10-17,38,39,-1,65,65,0,31,7,15,4.2,Long (15+ days),album,10,2.78015,False,Clean
Who (Shibuyakei Remix) - Jimin,Who (Shibuyakei Remix),Jimin,2025-11-04,2025-11-02,48,42,6,65,65,0,31,17,1,10.2,Short (1–3 days),album,10,2.78015,False,Clean
Who (Shibuyakei Remix) - Jimin,Who (Shibuyakei Remix),Jimin,2025-11-06,2025-11-04,42,37,5,65,65,0,31,11,13,6.6,Strong (8–14 days),album,10,2.78015,False,Clean
Who (Shibuyakei Remix) - Jimin,Who (Shibuyakei Remix),Jimin,2025-11-20,2025-11-18,48,41,7,66,66,0,31,17,8,10.2,Strong (8–14 days),album,10,2.78015,False,Clean
Who - Jimin,Who,Jimin,2025-08-14,2025-08-12,1,1,0,94,94,0,1,0,106,0.0,Long (15+ days),album,7,2.848116666666667,False,Clean
Why? - PLAVE,Why?,PLAVE,2025-09-02,2025-08-28,34,49,-15,54,55,1,49,0,2,0.4,Short (1–3 days),single,1,2.4562166666666667,False,Clean
With you - Jimin & HA SUNG WOON,With you,Jimin & HA SUNG WOON,2024-06-08,2024-05-20,50,44,6,77,76,-1,20,30,17,18.0,Long (15+ days),single,2,3.365083333333333,False,Clean
With you - Jimin & HA SUNG WOON,With you,Jimin & HA SUNG WOON,2024-06-28,2024-06-24,43,43,0,76,76,0,28,15,1,9.0,Short (1–3 days),single,2,3.365083333333333,False,Clean
With you - Jimin & HA SUNG WOON,With you,Jimin & HA SUNG WOON,2024-07-05,2024-06-28,43,50,-7,76,77,1,28,15,2,9.4,Short (1–3 days),single,2,3.365083333333333,False,Clean
With you - Jimin & HA SUNG WOON,With you,Jimin & HA SUNG WOON,2025-01-23,2024-07-06,50,28,22,77,74,-3,28,22,1,13.2,Short (1–3 days),single,2,3.365083333333333,False,Clean
"Yes or No (Feat. 허윤진 of LE SSERAFIM, Crush) - GroovyRoom & HUH YUNJIN","Yes or No (Feat. 허윤진 of LE SSERAFIM, Crush)",GroovyRoom & HUH YUNJIN,2025-03-15,2025-03-13,43,41,2,73,72,-1,40,3,10,1.7999999999999998,Strong (8–14 days),single,1,2.9857666666666667,False,Clean
"Yes or No (Feat. 허윤진 of LE SSERAFIM, Crush) - GroovyRoom & HUH YUNJIN","Yes or No (Feat. 허윤진 of LE SSERAFIM, Crush)",GroovyRoom & HUH YUNJIN,2025-03-26,2025-03-24,47,41,6,71,70,-1,41,6,2,3.5999999999999996,Short (1–3 days),single,1,2.9857666666666667,False,Clean
Yes or No - Jung Kook,Yes or No,Jung Kook,2025-03-15,2025-03-13,30,27,3,85,84,-1,26,4,10,2.4,Strong (8–14 days),album,11,2.4592833333333335,False,Clean
Yes or No - Jung Kook,Yes or No,Jung Kook,2025-03-26,2025-03-24,28,28,0,83,83,0,27,1,37,0.6,Long (15+ days),album,11,2.4592833333333335,False,Clean
Yes or No - Jung Kook,Yes or No,Jung Kook,2025-05-06,2025-05-01,46,47,-1,82,82,0,47,0,3,0.0,Short (1–3 days),album,11,2.4592833333333335,False,Clean
You & Me (Coachella ver.) - JENNIE,You & Me (Coachella ver.),JENNIE,2024-10-10,2024-10-07,4,16,-12,0,74,74,16,0,2,29.6,Short (1–3 days),single,2,2.997733333333333,False,Clean
You & Me - JENNIE,You & Me,JENNIE,2024-11-21,2024-11-19,50,48,2,83,83,0,46,4,7,2.4,Medium (4–7 days),single,2,2.986066666666667,False,Clean
You & Me - JENNIE,You & Me,JENNIE,2024-12-15,2024-11-27,50,50,0,82,81,-1,46,4,1,2.4,Short (1–3 days),single,2,2.986066666666667,False,Clean
You & Me - JENNIE,You & Me,JENNIE,2024-12-28,2024-12-15,50,46,4,81,77,-4,46,4,6,2.4,Medium (4–7 days),single,2,2.986066666666667,False,Clean
You & Me - JENNIE,You & Me,JENNIE,2025-01-04,2025-01-02,48,47,1,78,79,1,47,1,1,1.0,Short (1–3 days),single,2,2.986066666666667,False,Clean
You & Me - JENNIE,You & Me,JENNIE,2025-01-06,2025-01-04,47,47,0,79,79,0,47,0,3,0.0,Short (1–3 days),single,2,2.986066666666667,False,Clean
You & Me - JENNIE,You & Me,JENNIE,2025-01-12,2025-01-08,49,48,1,80,80,0,48,1,2,0.6,Short (1–3 days),single,2,2.986066666666667,False,Clean
You Were Beautiful - DAY6,You Were Beautiful,DAY6,2025-04-14,2025-03-26,50,48,2,66,66,0,26,24,4,14.399999999999999,Medium (4–7 days),album,14,4.719333333333333,False,Clean
You Were Beautiful - DAY6,You Were Beautiful,DAY6,2025-04-19,2025-04-17,46,49,-3,66,67,1,26,20,2,12.4,Short (1–3 days),album,14,4.719333333333333,False,Clean
You Were Beautiful - DAY6,You Were Beautiful,DAY6,2025-09-16,2025-04-20,49,47,2,67,65,-2,26,23,19,13.799999999999999,Long (15+ days),album,14,4.719333333333333,False,Clean
You Were Beautiful - DAY6,You Were Beautiful,DAY6,2025-10-06,2025-10-04,46,44,2,65,65,0,26,20,1,12.0,Short (1–3 days),album,14,4.719333333333333,False,Clean
You Were Beautiful - DAY6,You Were Beautiful,DAY6,2025-10-08,2025-10-06,44,49,-5,65,65,0,26,18,1,10.799999999999999,Short (1–3 days),album,14,4.719333333333333,False,Clean
You Were Beautiful - DAY6,You Were Beautiful,DAY6,2025-10-14,2025-10-08,49,38,11,65,64,-1,26,23,6,13.799999999999999,Medium (4–7 days),album,14,4.719333333333333,False,Clean
You Were Beautiful - DAY6,You Were Beautiful,DAY6,2025-10-21,2025-10-19,46,33,13,64,65,1,32,14,3,8.8,Short (1–3 days),album,14,4.719333333333333,False,Clean
You Were Beautiful - DAY6,You Were Beautiful,DAY6,2025-10-26,2025-10-23,46,49,-3,64,64,0,36,10,1,6.0,Short (1–3 days),album,14,4.719333333333333,False,Clean
You Were Beautiful - DAY6,You Were Beautiful,DAY6,2025-10-28,2025-10-26,49,49,0,64,64,0,36,13,2,7.8,Short (1–3 days),album,14,4.719333333333333,False,Clean
You Were Beautiful - DAY6,You Were Beautiful,DAY6,2025-11-02,2025-10-29,43,42,1,64,64,0,36,7,4,4.2,Medium (4–7 days),album,14,4.719333333333333,False,Clean
You Were Beautiful - DAY6,You Were Beautiful,DAY6,2025-11-07,2025-11-05,38,48,-10,64,64,0,36,2,14,1.2,Strong (8–14 days),album,14,4.719333333333333,False,Clean
You Were Beautiful - DAY6,You Were Beautiful,DAY6,2025-11-23,2025-11-20,48,46,2,64,65,1,46,2,1,1.6,Short (1–3 days),album,14,4.719333333333333,False,Clean
You Were Beautiful - DAY6,You Were Beautiful,DAY6,2025-11-26,2025-11-23,46,48,-2,65,65,0,48,0,1,0.0,Short (1–3 days),album,14,4.719333333333333,False,Clean
Young Man - HYUKOH & 落日飛車 Sunset Rollercoaster,Young Man,HYUKOH & 落日飛車 Sunset Rollercoaster,2025-07-12,2025-07-10,47,33,14,55,35,-20,33,14,3,8.4,Short (1–3 days),single,1,4.2881,False,Clean
bye - Ariana Grande,bye,Ariana Grande,2025-03-15,2025-03-13,34,47,-13,85,87,2,47,0,1,0.8,Short (1–3 days),album,13,2.7487833333333334,False,Clean
double take - Dhruv,double take,Dhruv,2025-09-25,2025-09-22,49,39,10,83,83,0,30,19,2,11.4,Short (1–3 days),album,8,2.8623833333333333,False,Clean
double take - Dhruv,double take,Dhruv,2025-09-30,2025-09-26,44,47,-3,83,82,-1,30,14,2,8.4,Short (1–3 days),album,8,2.8623833333333333,False,Clean
double take - Dhruv,double take,Dhruv,2025-10-03,2025-10-01,49,48,1,82,82,0,30,19,7,11.4,Medium (4–7 days),album,8,2.8623833333333333,False,Clean
double take - Dhruv,double take,Dhruv,2025-10-19,2025-10-09,50,41,9,82,82,0,30,20,4,12.0,Medium (4–7 days),album,8,2.8623833333333333,False,Clean
double take - Dhruv,double take,Dhruv,2025-10-24,2025-10-22,49,40,9,82,82,0,36,13,6,7.8,Medium (4–7 days),album,8,2.8623833333333333,False,Clean
double take - Dhruv,double take,Dhruv,2025-10-31,2025-10-29,49,49,0,82,82,0,39,10,9,6.0,Strong (8–14 days),album,8,2.8623833333333333,False,Clean
euphoria - Kendrick Lamar,euphoria,Kendrick Lamar,2025-05-06,2025-05-04,42,50,-8,85,89,4,50,0,1,1.6,Short (1–3 days),single,1,6.393983333333333,True,Explicit
greedy - Tate McRae,greedy,Tate McRae,2024-10-10,2024-10-08,48,50,-2,95,96,1,45,3,4,2.1999999999999997,Medium (4–7 days),single,1,2.1978666666666666,True,Explicit
plot twist - TWS,plot twist,TWS,2025-03-15,2025-03-13,11,11,0,78,78,0,11,0,10,0.0,Strong (8–14 days),single,5,2.54,False,Clean
plot twist - TWS,plot twist,TWS,2025-03-26,2025-03-24,15,13,2,77,77,0,11,4,61,2.4,Long (15+ days),single,5,2.54,False,Clean
plot twist - TWS,plot twist,TWS,2025-06-02,2025-05-25,48,46,2,75,74,-1,43,5,14,3.0,Strong (8–14 days),single,5,2.54,False,Clean
plot twist - TWS,plot twist,TWS,2025-06-17,2025-06-15,46,49,-3,68,68,0,49,0,1,0.0,Short (1–3 days),single,5,2.54,False,Clean
vampire - Olivia Rodrigo,vampire,Olivia Rodrigo,2024-07-25,2024-07-22,42,48,-6,98,98,0,42,0,4,0.0,Medium (4–7 days),single,1,3.6620666666666666,True,Explicit
vampire - Olivia Rodrigo,vampire,Olivia Rodrigo,2024-07-31,2024-07-28,42,48,-6,99,98,-1,42,0,13,0.0,Strong (8–14 days),single,1,3.6620666666666666,True,Explicit
we can't be friends (wait for your love) - Ariana Grande,we can't be friends (wait for your love),Ariana Grande,2025-03-15,2025-03-13,17,18,-1,87,89,2,15,2,10,2.0,Strong (8–14 days),album,13,3.81065,False,Clean
we can't be friends (wait for your love) - Ariana Grande,we can't be friends (wait for your love),Ariana Grande,2025-03-26,2025-03-24,19,19,0,93,93,0,17,2,42,1.2,Long (15+ days),album,13,3.81065,False,Clean
we can't be friends (wait for your love) - Ariana Grande,we can't be friends (wait for your love),Ariana Grande,2025-05-08,2025-05-06,46,50,-4,94,94,0,49,0,4,0.0,Medium (4–7 days),album,13,3.81065,False,Clean
wherever u r (ft. V of BTS) - UMI & V,wherever u r (ft. V of BTS),UMI & V,2025-03-09,2025-03-07,49,49,0,84,84,0,41,8,2,4.8,Short (1–3 days),single,1,2.5505666666666666,False,Clean
wherever u r (ft. V of BTS) - UMI & V,wherever u r (ft. V of BTS),UMI & V,2025-03-16,2025-03-10,46,41,5,83,82,-1,41,5,1,3.0,Short (1–3 days),single,1,2.5505666666666666,False,Clean
"yes, and? - Ariana Grande","yes, and?",Ariana Grande,2025-02-15,2025-02-12,48,45,3,97,97,0,25,23,4,13.799999999999999,Medium (4–7 days),single,1,3.5832333333333333,True,Explicit
"yes, and? - Ariana Grande","yes, and?",Ariana Grande,2025-03-10,2025-02-18,49,30,19,97,73,-24,25,24,4,14.399999999999999,Medium (4–7 days),single,1,3.5832333333333333,True,Explicit
"yes, and? - Ariana Grande","yes, and?",Ariana Grande,2025-03-15,2025-03-13,25,29,-4,81,83,2,29,0,5,0.8,Medium (4–7 days),single,1,3.5832333333333333,True,Explicit
アイドル - YOASOBI,アイドル,YOASOBI,2024-09-03,2024-08-31,48,45,3,88,88,0,42,6,1,3.5999999999999996,Short (1–3 days),single,1,3.5538833333333333,False,Clean
アイドル - YOASOBI,アイドル,YOASOBI,2024-09-22,2024-09-03,45,48,-3,88,86,-2,42,3,10,1.7999999999999998,Strong (8–14 days),single,1,3.5538833333333333,False,Clean
アイドル - YOASOBI,アイドル,YOASOBI,2024-10-06,2024-10-01,45,44,1,86,30,-56,44,1,1,0.6,Short (1–3 days),single,1,3.5538833333333333,False,Clean
踊り子 - Vaundy,踊り子,Vaundy,2025-07-12,2025-07-10,22,21,1,69,70,1,21,1,32,1.0,Long (15+ days),album,35,3.8221333333333334,False,Clean
踊り子 - Vaundy,踊り子,Vaundy,2025-08-14,2025-08-12,32,29,3,71,71,0,27,5,40,3.0,Long (15+ days),album,35,3.8221333333333334,False,Clean
踊り子 - Vaundy,踊り子,Vaundy,2025-09-25,2025-09-22,50,44,6,71,71,0,44,6,2,3.5999999999999996,Short (1–3 days),album,35,3.8221333333333334,False,Clean
녹아내려요 Melt Down - DAY6,녹아내려요 Melt Down,DAY6,2025-10-07,2025-10-05,30,40,-10,55,55,0,40,0,1,0.0,Short (1–3 days),single,8,2.7597833333333335,False,Clean
"무제(無題) (Untitled, 2014) - G-DRAGON","무제(無題) (Untitled, 2014)",G-DRAGON,2025-11-27,2025-11-05,50,43,7,58,61,3,43,7,1,5.4,Short (1–3 days),single,5,3.71445,False,Clean
예뻤어 - DAY6,예뻤어,DAY6,2025-10-07,2025-10-05,43,44,-1,49,49,0,44,0,1,0.0,Short (1–3 days),album,14,4.719333333333333,False,Clean
한 페이지가 될 수 있게 - DAY6,한 페이지가 될 수 있게,DAY6,2025-10-07,2025-10-05,36,35,1,52,52,0,35,1,1,0.6,Short (1–3 days),single,6,3.42625,False,Clean
